Age,Years_at_Company,Performance_Score,Leadership_Score,Training_Hours,Projects_Handled,Peer_Review_Score,Current_Position_Level,Promotion_Eligible,Training Level,Leadership_Level,Project_Level,Tenure_Level,Age_Group,Project_per_Years_log
24.0,21.0,2.0,44.0,42.0,19.0,61.0,Junior,0,Low,Medium,High,Senior,Young,0.622529613345992
50.0,8.0,5.0,45.0,66.0,11.0,6.0,Junior,0,Low,Medium,Very High,New,Senior,0.7985076962177716
56.0,9.0,5.0,19.0,96.0,6.0,86.0,Lead,0,Moderate,Low,Moderate,Mid,Senior,0.4700036292457356
39.0,24.0,4.0,51.0,16.0,6.0,52.0,Senior,0,Very Low,High,Low,Veteran,Early Mid,0.2151113796169455
41.0,14.90033222591362,4.0,64.0,57.0,16.0,59.0,Junior,0,Low,High,High,Mid,Early Mid,0.696276420622567
44.0,14.90033222591362,1.0,76.0,143.0,19.0,32.0,Junior,1,High,Very High,Very High,Mid,Late Mid,0.7861563448107822
55.0,19.0,4.0,75.0,98.0,5.0,91.0,Senior,0,Moderate,Very High,Low,Senior,Senior,0.22314355131420976
41.0,11.0,3.0,67.0,145.0,8.0,19.0,Mid,0,High,High,High,Mid,Early Mid,0.5108256237659907
31.0,6.0,2.0,75.0,184.0,19.0,36.0,Junior,0,Very High,Very High,Very High,New,Young,1.3121863889661687
54.0,17.0,1.0,92.0,71.0,1.0,1.0,Mid,0,Low,Very High,Low,Senior,Senior,0.054067221270275766
54.0,14.0,4.0,51.0,63.0,5.0,94.0,Mid,1,Low,High,Low,Mid,Senior,0.2876820724517809
47.0,5.0,4.0,15.0,108.0,10.0,34.0,Junior,0,Moderate,Low,Very High,New,Late Mid,0.9808292530117262
41.0,16.0,1.0,95.0,127.0,2.0,87.0,Mid,1,High,Very High,Low,Senior,Early Mid,0.11122563511022437
36.0,24.0,4.0,47.0,61.0,14.0,53.0,Lead,1,Low,Medium,Moderate,Veteran,Early Mid,0.44468582126144574
58.0,4.0,4.0,22.0,143.0,14.0,48.0,Junior,0,High,Low,Very High,New,Senior,1.33500106673234
54.0,14.0,4.0,1.0,186.0,2.0,3.0,Lead,0,Very High,Low,Low,Mid,Senior,0.12516314295400602
38.0,27.0,1.0,69.0,31.0,10.0,68.0,Lead,0,Very Low,High,Low,Veteran,Early Mid,0.30538164955118186
26.0,15.0,3.0,50.15503875968992,72.0,2.0,51.1219512195122,Junior,0,Low,Medium,Low,Senior,Young,0.11778303565638346
25.0,18.0,1.0,93.0,57.0,17.0,87.0,Senior,0,Low,Very High,High,Senior,Young,0.6390799592896695
24.0,2.0,1.0,62.0,36.0,12.0,73.0,Lead,1,Very Low,High,Very High,New,Young,1.6094379124341003
42.0,2.0,4.0,27.0,18.0,18.0,50.0,Junior,1,Very Low,Low,Very High,New,Late Mid,1.9459101490553132
42.0,15.0,2.0,1.0,197.0,9.96234772978959,80.0,Mid,1,Very High,Low,Moderate,Senior,Late Mid,0.4840586019395532
29.0,7.0,5.0,33.0,103.0,18.0,51.1219512195122,Senior,0,Moderate,Medium,Very High,New,Young,1.1786549963416462
57.0,14.90033222591362,2.0,80.0,180.0,9.96234772978959,88.0,Lead,0,Very High,Very High,Moderate,Mid,Senior,0.4864609974992319
50.0,4.0,4.0,88.0,4.0,7.0,62.0,Junior,1,Very Low,Very High,Very High,New,Senior,0.8754687373538999
55.0,14.0,2.0,10.0,131.0,16.0,56.0,Mid,0,High,Low,High,Mid,Senior,0.7259370033829362
43.0,15.0,3.0,50.15503875968992,40.0,14.0,12.0,Lead,0,Very Low,Medium,High,Senior,Late Mid,0.6286086594223741
52.0,13.0,3.0,52.0,103.0,0.0,8.0,Junior,0,Moderate,High,Low,Mid,Senior,0.0
49.0,20.0,4.0,62.0,192.0,2.0,4.0,Mid,0,Very High,High,Low,Senior,Late Mid,0.09097177820572669
56.0,16.0,3.0,61.0,13.0,8.0,51.1219512195122,Mid,0,Very Low,High,Moderate,Senior,Senior,0.3856624808119847
55.0,6.0,4.0,38.0,170.0,13.0,16.0,Lead,1,Very High,Medium,Very High,New,Senior,1.0498221244986778
34.0,4.0,4.0,18.0,38.0,14.0,2.0,Mid,0,Very Low,Low,Very High,New,Early Mid,1.33500106673234
25.0,23.0,1.0,1.0,56.0,18.0,75.0,Senior,0,Low,Low,High,Veteran,Young,0.5596157879354227
27.0,26.0,2.0,42.0,80.0,9.96234772978959,45.0,Senior,0,Low,Medium,Moderate,Veteran,Young,0.31406289957943245
22.0,24.0,1.0,30.0,31.0,14.0,53.0,Lead,0,Very Low,Medium,Moderate,Veteran,Young,0.44468582126144574
33.0,20.0,4.0,64.0,79.0,10.0,19.0,Lead,0,Low,High,Moderate,Senior,Early Mid,0.38946476676172326
56.0,13.0,5.0,50.15503875968992,82.0,17.0,21.0,Junior,1,Low,Medium,Very High,Mid,Senior,0.7949298748698876
32.0,7.0,5.0,50.15503875968992,28.0,15.0,41.0,Lead,1,Very Low,Medium,Very High,New,Young,1.0560526742493137
44.0,13.0,4.0,63.0,170.0,10.0,78.0,Junior,0,Very High,High,High,Mid,Late Mid,0.538996500732687
35.0,1.0,5.0,10.0,128.0,10.0,39.0,Mid,1,High,Low,Very High,New,Early Mid,1.791759469228055
40.0,14.0,2.0,89.0,115.0,7.0,54.0,Lead,0,Moderate,Very High,Moderate,Mid,Early Mid,0.3829922522561058
58.0,2.0,1.0,12.0,74.0,10.0,6.0,Mid,0,Low,Low,Very High,New,Senior,1.4663370687934272
37.0,25.0,2.0,92.0,49.0,19.0,68.0,Mid,0,Low,Very High,High,Veteran,Early Mid,0.5485659517488377
49.0,3.0,3.0,62.0,25.0,9.96234772978959,64.0,Lead,0,Very Low,High,Very High,New,Late Mid,1.2500698975607842
52.0,1.0,1.0,50.15503875968992,171.0,2.0,79.0,Senior,0,Very High,Medium,High,New,Senior,0.6931471805599453
28.0,2.0,1.0,49.0,72.0,5.0,59.0,Junior,1,Low,Medium,Very High,New,Young,0.9808292530117262
48.0,22.0,2.0,12.0,179.0,17.0,73.0,Senior,0,Very High,Low,High,Senior,Late Mid,0.5533852381847866
28.0,14.0,4.0,29.0,103.0,19.0,98.0,Senior,1,Moderate,Medium,Very High,Mid,Young,0.8183103235139513
36.0,2.0,2.0,53.0,94.0,13.0,13.0,Senior,0,Moderate,High,Very High,New,Early Mid,1.6739764335716716
33.0,14.90033222591362,5.0,36.0,157.0,9.96234772978959,33.0,Lead,0,High,Medium,Moderate,Mid,Early Mid,0.4864609974992319
29.0,8.0,2.0,24.0,92.0,12.0,46.0,Lead,1,Moderate,Low,Very High,New,Young,0.8472978603872036
23.0,14.90033222591362,5.0,34.0,142.0,2.0,15.0,Senior,0,High,Medium,Low,Mid,Young,0.11847926906193597
59.0,19.0,2.0,45.0,36.0,13.0,74.0,Junior,0,Very Low,Medium,High,Senior,Senior,0.5007752879124893
47.0,10.0,4.0,54.0,189.0,3.0,21.0,Junior,0,Very High,High,Low,Mid,Late Mid,0.24116205681688807
42.0,14.90033222591362,3.0,81.0,84.0,11.0,25.0,Lead,1,Low,Very High,High,Mid,Late Mid,0.5257986332177957
34.0,25.0,2.9623059866962307,16.0,106.0,8.0,7.0,Senior,0,Moderate,Low,Low,Veteran,Early Mid,0.26826398659467937
40.0,25.0,4.0,62.0,60.0,1.0,7.0,Senior,0,Low,High,Low,Veteran,Early Mid,0.03774032798284703
39.0,14.90033222591362,3.0,13.0,147.0,18.0,6.0,Mid,1,High,Low,High,Mid,Early Mid,0.7570848107933834
23.0,29.0,5.0,14.0,153.0,1.0,60.0,Mid,0,High,Low,Low,Veteran,Young,0.03278982282299087
49.0,9.0,4.0,76.0,161.0,8.0,39.0,Lead,0,Very High,Very High,High,Mid,Late Mid,0.5877866649021191
44.0,28.0,3.0,3.0,130.0,18.0,51.1219512195122,Junior,0,High,Low,Moderate,Veteran,Late Mid,0.48285177172358457
25.0,25.0,2.0,44.0,101.0,12.0,24.0,Junior,0,Moderate,Medium,Moderate,Veteran,Young,0.37948962170490375
33.0,16.0,1.0,19.0,171.0,17.0,82.0,Junior,1,Very High,Low,High,Senior,Early Mid,0.6931471805599453
43.0,24.0,2.0,9.0,127.0,4.0,36.0,Senior,1,High,Low,Low,Veteran,Late Mid,0.14842000511827327
41.0,10.0,1.0,24.0,31.0,18.0,15.0,Senior,1,Very Low,Low,Very High,Mid,Early Mid,0.9694005571881035
56.0,26.0,4.0,3.0,192.0,4.0,67.0,Mid,0,Very High,Low,Low,Veteran,Senior,0.13815033848081718
25.0,23.0,2.0,83.0,189.0,11.0,25.0,Senior,0,Very High,Very High,Moderate,Veteran,Young,0.37729423114146804
33.0,14.0,4.0,86.0,91.0,18.0,0.0,Lead,0,Moderate,Very High,Very High,Mid,Early Mid,0.7884573603642702
25.0,11.0,3.0,3.0,180.0,7.0,27.0,Lead,0,Very High,Low,Moderate,Mid,Young,0.4595323293784402
52.0,24.0,2.0,8.0,5.0,9.0,51.1219512195122,Mid,1,Very Low,Low,Moderate,Veteran,Senior,0.3074846997479606
28.0,25.0,5.0,56.0,66.0,15.0,32.0,Senior,1,Low,High,Moderate,Veteran,Young,0.4554755286828257
31.0,6.0,3.0,47.0,92.0,9.0,69.0,Senior,0,Moderate,Medium,Very High,New,Young,0.8266785731844679
45.0,23.0,5.0,28.0,196.0,19.0,85.0,Mid,0,Very High,Medium,High,Veteran,Late Mid,0.5831462853456167
36.0,12.0,5.0,57.0,171.0,9.0,23.0,Mid,1,Very High,High,High,Mid,Early Mid,0.5260930958967791
41.0,29.0,1.0,88.0,191.0,8.0,68.0,Mid,0,Very High,Very High,Low,Veteran,Early Mid,0.2363887780642304
28.0,2.0,5.0,34.0,103.0,4.0,60.0,Lead,0,Moderate,Medium,Very High,New,Young,0.8472978603872036
34.0,21.0,2.0,13.0,105.0,6.0,84.0,Junior,0,Moderate,Low,Low,Senior,Early Mid,0.24116205681688807
49.0,20.0,4.0,33.0,24.0,4.0,46.0,Lead,0,Very Low,Medium,Low,Senior,Late Mid,0.17435338714477774
39.0,13.0,5.0,45.0,197.0,14.0,25.0,Mid,0,Very High,Medium,High,Mid,Early Mid,0.6931471805599453
32.0,2.0,1.0,11.0,111.0,9.96234772978959,92.0,Mid,1,Moderate,Low,Very High,New,Young,1.463436537839916
57.0,23.0,5.0,63.0,141.0,16.0,52.0,Mid,0,High,High,High,Veteran,Senior,0.5108256237659907
57.0,28.0,4.0,47.0,89.0,9.96234772978959,81.0,Mid,0,Moderate,Medium,Low,Veteran,Senior,0.29529990697716546
23.0,12.0,2.0,89.0,91.0,19.0,51.1219512195122,Junior,0,Moderate,Very High,Very High,Mid,Young,0.9007865453381898
38.0,29.0,5.0,78.0,21.0,2.0,34.0,Junior,0,Very Low,Very High,Low,Veteran,Early Mid,0.06453852113757116
27.0,5.0,3.0,65.0,41.0,19.0,19.0,Mid,0,Very Low,High,Very High,New,Young,1.4271163556401456
44.0,10.0,4.0,6.0,9.0,9.0,32.0,Senior,1,Very Low,Low,High,Mid,Late Mid,0.5978370007556205
37.0,10.0,5.0,89.0,91.0,13.0,51.1219512195122,Mid,1,Moderate,Very High,Very High,Mid,Early Mid,0.7801585575495751
47.0,3.0,4.0,20.0,84.0,0.0,65.0,Junior,0,Low,Low,Low,New,Late Mid,0.0
22.0,17.0,4.0,50.15503875968992,132.0,14.0,20.0,Junior,0,High,Medium,High,Senior,Young,0.5753641449035618
57.0,21.0,4.0,59.0,131.0,17.0,86.0,Mid,0,High,High,High,Senior,Senior,0.5725191927713306
51.0,1.0,4.0,27.0,148.0,10.0,51.0,Junior,1,High,Low,Very High,New,Senior,1.791759469228055
23.0,29.0,1.0,60.0,120.0,3.0,82.0,Lead,0,High,High,Low,Veteran,Young,0.09531017980432487
41.0,4.0,1.0,35.0,66.0,4.0,98.0,Mid,0,Low,Medium,High,New,Early Mid,0.5877866649021191
26.0,27.0,1.0,89.0,93.0,5.0,14.0,Junior,1,Moderate,Very High,Low,Veteran,Young,0.16430305129127631
52.0,40.0,2.9623059866962307,28.0,123.0,16.0,47.0,Lead,1,High,Medium,Moderate,Veteran,Senior,0.32947920113024237
29.0,2.0,2.0,21.0,125.0,9.0,31.0,Junior,0,High,Low,Very High,New,Young,1.3862943611198906
51.0,2.0,3.0,78.0,89.0,16.0,88.0,Junior,0,Moderate,Very High,Very High,New,Senior,1.8458266904983307
23.0,20.0,1.0,21.0,139.0,17.0,34.0,Lead,0,High,Low,High,Senior,Young,0.5930637220029628
34.0,27.0,4.0,39.0,141.0,5.0,79.0,Mid,0,High,Medium,Low,Veteran,Early Mid,0.16430305129127631
25.0,20.0,1.0,84.0,110.0,9.0,47.0,Mid,0,Moderate,Very High,Moderate,Senior,Young,0.35667494393873234
29.0,9.0,3.0,30.0,136.0,8.0,10.0,Senior,1,High,Medium,High,Mid,Young,0.5877866649021191
46.0,26.0,1.0,6.0,49.0,3.0,75.0,Mid,0,Low,Low,Low,Veteran,Late Mid,0.1053605156578263
41.0,11.0,4.0,66.0,93.0,16.0,18.0,Senior,0,Moderate,High,Very High,Mid,Early Mid,0.8472978603872036
35.0,26.0,1.0,95.0,118.0,19.0,51.0,Lead,0,High,Very High,High,Veteran,Early Mid,0.532804530484766
50.0,4.0,2.0,67.0,86.0,9.96234772978959,11.0,Lead,0,Low,High,Very High,New,Senior,1.0960989816088733
42.0,11.0,4.0,53.0,46.0,4.0,25.0,Junior,0,Low,High,Low,Mid,Late Mid,0.2876820724517809
54.0,21.0,5.0,72.0,132.0,6.0,55.0,Junior,0,High,High,Low,Senior,Senior,0.24116205681688807
46.0,22.0,5.0,69.0,11.0,8.0,39.0,Mid,0,Very Low,High,Low,Senior,Late Mid,0.29849298855599654
30.0,14.0,3.0,44.0,101.0,9.0,5.0,Junior,0,Moderate,Medium,Moderate,Mid,Young,0.4700036292457356
36.0,25.0,1.0,29.0,25.0,2.0,51.1219512195122,Lead,0,Very Low,Medium,Low,Veteran,Early Mid,0.07410797215372188
28.0,21.0,1.0,20.0,53.0,4.0,58.0,Junior,0,Low,Low,Low,Senior,Young,0.1670540846631662
23.0,27.0,4.0,52.0,132.0,8.0,2.0,Lead,0,High,High,Low,Veteran,Young,0.25131442828090605
52.0,12.0,2.0,47.0,2.0,14.0,16.0,Senior,0,Very Low,Medium,High,Mid,Senior,0.7308875085427923
28.0,2.0,2.0,7.0,83.0,13.0,9.0,Mid,0,Low,Low,Very High,New,Young,1.6739764335716716
32.0,4.0,4.0,95.0,110.0,9.0,11.0,Lead,0,Moderate,Very High,Very High,New,Young,1.0296194171811583
34.0,11.0,5.0,13.0,51.0,17.0,46.0,Lead,0,Low,Low,Very High,Mid,Early Mid,0.8823891801984738
47.0,3.0,1.0,34.0,43.0,2.0,81.0,Lead,0,Low,Medium,Moderate,New,Late Mid,0.4054651081081644
29.0,13.0,3.0,83.0,124.0,19.0,17.0,Junior,1,High,Very High,Very High,Mid,Young,0.8574502318512216
35.0,14.0,2.0,50.15503875968992,103.0,9.96234772978959,33.0,Senior,0,Moderate,Medium,High,Mid,Early Mid,0.5093183976627648
23.0,4.0,1.0,68.0,179.0,6.0,31.0,Mid,0,Very High,High,Very High,New,Young,0.7884573603642702
36.0,7.0,5.0,59.0,154.0,16.0,85.0,Senior,0,High,High,Very High,New,Early Mid,1.0986122886681096
41.0,1.0,3.0,79.0,103.0,4.0,46.0,Lead,0,Moderate,Very High,Very High,New,Early Mid,1.0986122886681096
55.0,1.0,5.0,47.0,62.0,19.0,24.0,Lead,0,Low,Medium,Very High,New,Senior,2.3513752571634776
25.0,7.0,1.0,5.0,117.0,12.0,32.0,Mid,1,Moderate,Low,Very High,New,Young,0.9162907318741551
39.0,24.0,5.0,75.0,39.0,4.0,13.0,Lead,0,Very Low,Very High,Low,Veteran,Early Mid,0.14842000511827327
46.0,24.0,4.0,21.0,59.0,11.0,57.0,Junior,0,Low,Low,Moderate,Veteran,Late Mid,0.36464311358790924
45.0,29.0,1.0,13.0,144.0,19.0,33.0,Senior,1,High,Low,Moderate,Veteran,Late Mid,0.4906229164484712
27.0,26.0,5.0,11.0,24.0,16.0,51.1219512195122,Lead,0,Very Low,Low,Moderate,Veteran,Young,0.4653632496892333
55.0,10.0,4.0,65.0,93.0,8.0,3.0,Mid,0,Moderate,High,High,Mid,Senior,0.5465437063680699
59.0,14.90033222591362,4.0,81.0,131.0,18.0,23.0,Mid,1,High,Very High,High,Mid,Senior,0.7570848107933834
24.0,26.0,5.0,25.0,0.0,3.0,89.0,Junior,0,Very Low,Low,Low,Veteran,Young,0.1053605156578263
40.0,16.0,5.0,29.0,156.0,12.0,57.0,Mid,1,High,Medium,High,Senior,Early Mid,0.534082485930258
57.0,25.0,4.0,14.0,103.0,12.0,87.0,Junior,1,Moderate,Low,Moderate,Veteran,Senior,0.37948962170490375
49.0,18.0,1.0,58.0,169.0,15.0,50.0,Junior,0,Very High,High,High,Senior,Late Mid,0.581921545449721
39.0,24.0,3.0,97.0,180.0,16.0,95.0,Junior,1,Very High,Very High,High,Veteran,Early Mid,0.49469624183610705
25.0,23.0,2.0,24.0,151.0,15.0,51.1219512195122,Mid,0,High,Low,Moderate,Veteran,Young,0.48550781578170077
33.0,23.0,5.0,73.0,74.0,9.0,55.0,Lead,0,Low,High,Moderate,Veteran,Early Mid,0.3184537311185346
48.0,9.0,4.0,48.0,16.0,9.96234772978959,42.0,Mid,0,Very Low,Medium,High,Mid,Late Mid,0.691262792705324
50.0,1.0,2.9623059866962307,11.0,157.0,5.0,17.0,Mid,0,High,Low,Very High,New,Senior,1.252762968495368
33.0,25.0,3.0,85.0,135.0,2.0,79.0,Senior,0,High,Very High,Low,Veteran,Early Mid,0.07410797215372188
25.0,22.0,2.0,50.15503875968992,46.0,17.0,33.0,Senior,0,Low,Medium,High,Senior,Young,0.5533852381847866
45.0,21.0,3.0,72.0,194.0,9.96234772978959,75.0,Mid,0,Very High,High,Moderate,Senior,Late Mid,0.37351612322072175
47.0,24.0,1.0,33.0,120.0,18.0,44.0,Senior,0,High,Medium,High,Veteran,Late Mid,0.5423242908253616
49.0,13.0,4.0,1.0,38.0,14.0,50.0,Lead,1,Very Low,Low,High,Mid,Late Mid,0.6931471805599453
25.0,24.0,5.0,62.0,116.0,9.0,94.0,Mid,0,Moderate,High,Moderate,Veteran,Young,0.3074846997479606
57.0,12.0,2.9623059866962307,49.0,141.0,5.0,82.0,Junior,0,High,Medium,Moderate,Mid,Senior,0.325422400434628
36.0,20.0,2.0,98.0,129.0,15.0,44.0,Lead,1,High,Very High,High,Senior,Early Mid,0.538996500732687
43.0,16.0,2.0,51.0,164.0,8.0,73.0,Junior,0,Very High,High,Moderate,Senior,Late Mid,0.3856624808119847
45.0,10.0,2.0,93.0,159.0,5.0,39.0,Lead,0,High,Very High,Moderate,Mid,Late Mid,0.3746934494414107
45.0,1.0,3.0,2.0,95.0,12.0,48.0,Senior,1,Moderate,Low,Very High,New,Late Mid,1.9459101490553132
58.0,28.0,2.0,53.0,32.0,3.0,35.0,Lead,0,Very Low,High,Low,Veteran,Senior,0.09844007281325252
41.0,20.0,1.0,69.0,76.0,14.0,21.0,Senior,0,Low,High,High,Senior,Early Mid,0.5108256237659907
27.0,15.0,1.0,10.0,125.0,9.0,25.0,Lead,1,High,Low,Moderate,Senior,Young,0.44628710262841953
31.0,1.0,4.0,17.0,191.0,16.0,54.0,Junior,1,Very High,Low,Very High,New,Young,2.1972245773362196
24.0,28.0,4.0,73.0,30.0,12.0,72.0,Senior,0,Very Low,High,Moderate,Veteran,Young,0.3462762367178338
59.0,19.0,1.0,92.0,198.0,6.0,24.0,Junior,0,Very High,Very High,Low,Senior,Senior,0.26236426446749106
55.0,7.0,3.0,19.0,146.0,19.0,88.0,Mid,1,High,Low,Very High,New,Senior,1.2163953243244932
27.0,3.0,4.0,6.0,83.0,8.0,8.0,Lead,1,Low,Low,Very High,New,Young,1.0986122886681096
31.0,20.0,4.0,87.0,59.0,9.0,18.0,Mid,0,Low,Very High,Moderate,Senior,Young,0.35667494393873234
37.0,26.0,3.0,50.15503875968992,161.0,2.0,98.0,Senior,0,Very High,Medium,Low,Veteran,Early Mid,0.07145896398214495
50.0,27.0,4.0,50.15503875968992,62.0,12.0,89.0,Senior,0,Low,Medium,Moderate,Veteran,Senior,0.35667494393873234
24.0,26.0,5.0,24.0,103.0,9.0,73.0,Mid,0,Moderate,Low,Low,Veteran,Young,0.2876820724517809
32.0,24.0,5.0,10.0,173.0,3.0,79.0,Junior,1,Very High,Low,Low,Veteran,Young,0.11332868530700317
58.0,9.0,1.0,15.0,103.0,6.0,9.0,Senior,1,Moderate,Low,Moderate,Mid,Senior,0.4700036292457356
25.0,22.0,5.0,63.0,179.0,5.0,59.0,Mid,1,Very High,High,Low,Senior,Young,0.19671029424605424
25.0,28.0,5.0,38.0,65.0,4.0,69.0,Mid,0,Low,Medium,Low,Veteran,Young,0.1292117314800062
45.0,11.0,3.0,54.0,113.0,6.0,72.0,Senior,0,Moderate,High,Moderate,Mid,Late Mid,0.4054651081081644
49.0,5.0,4.0,0.0,148.0,9.96234772978959,56.0,Junior,0,High,Low,Very High,New,Late Mid,0.9784732128393459
56.0,10.0,1.0,73.0,58.0,4.0,0.0,Senior,0,Low,High,Moderate,Mid,Senior,0.3101549283038395
59.0,23.0,2.0,42.0,44.0,5.0,66.0,Junior,0,Low,Medium,Low,Veteran,Senior,0.18924199963852842
45.0,4.0,2.0,9.0,187.0,10.0,35.0,Junior,0,Very High,Low,Very High,New,Late Mid,1.0986122886681096
43.0,24.0,3.0,10.0,113.0,1.0,51.1219512195122,Lead,0,Moderate,Low,Low,Veteran,Late Mid,0.039220713153281295
47.0,24.0,2.9623059866962307,7.0,106.0,18.0,95.0,Mid,0,Moderate,Low,High,Veteran,Late Mid,0.5423242908253616
39.0,19.0,5.0,26.0,111.0,11.0,23.0,Mid,0,Moderate,Low,Moderate,Senior,Early Mid,0.4382549309311553
24.0,14.0,5.0,18.0,199.0,1.0,78.0,Lead,0,Very High,Low,Low,Mid,Young,0.06453852113757116
32.0,12.0,2.0,31.0,137.0,4.0,42.0,Senior,0,High,Medium,Low,Mid,Young,0.26826398659467937
30.0,4.0,5.0,51.0,144.0,5.0,34.0,Mid,0,High,High,High,New,Young,0.6931471805599453
54.0,5.0,1.0,74.0,106.0,6.0,62.0,Mid,0,Moderate,Very High,High,New,Senior,0.6931471805599453
41.0,22.0,5.0,50.15503875968992,61.0,15.0,58.0,Mid,1,Low,Medium,High,Senior,Early Mid,0.5020919437972361
57.0,20.0,2.0,99.0,171.0,9.0,60.0,Senior,1,Very High,Very High,Moderate,Senior,Senior,0.35667494393873234
25.0,0.0,5.0,97.0,19.0,10.0,95.0,Mid,1,Very Low,Very High,Very High,New,Young,2.3978952727983707
23.0,15.0,1.0,18.0,24.0,17.0,17.0,Junior,0,Very Low,Low,High,Senior,Young,0.723918839226699
29.0,16.0,1.0,68.0,23.0,18.0,6.0,Lead,1,Very Low,High,High,Senior,Young,0.7221347174331976
28.0,25.0,5.0,79.0,65.0,17.0,78.0,Lead,0,Low,Very High,High,Veteran,Young,0.5031035776720804
41.0,0.0,4.0,66.0,63.0,2.0,68.0,Junior,0,Low,High,Very High,New,Early Mid,1.0986122886681096
55.0,14.90033222591362,3.0,87.0,4.0,9.96234772978959,28.0,Lead,0,Very Low,Very High,Moderate,Mid,Senior,0.4864609974992319
40.0,1.0,1.0,94.0,54.0,1.0,51.1219512195122,Lead,0,Low,Very High,Moderate,New,Early Mid,0.4054651081081644
50.0,20.0,1.0,39.0,1.0,6.0,77.0,Lead,0,Very Low,Medium,Low,Senior,Senior,0.25131442828090605
27.0,7.0,2.0,66.0,64.0,14.0,17.0,Lead,0,Low,High,Very High,New,Young,1.0116009116784799
31.0,0.0,4.0,52.0,52.0,10.0,41.0,Junior,0,Low,High,Very High,New,Young,2.3978952727983707
26.0,1.0,2.0,22.0,103.0,6.0,90.0,Mid,1,Moderate,Low,Very High,New,Young,1.3862943611198906
45.0,14.90033222591362,2.0,2.0,12.0,7.0,66.0,Senior,0,Very Low,Low,Moderate,Mid,Late Mid,0.3648114144173332
43.0,13.0,2.0,90.0,150.0,10.0,85.0,Mid,0,High,Very High,High,Mid,Late Mid,0.538996500732687
47.0,2.0,2.9623059866962307,92.0,22.0,5.0,17.0,Mid,0,Very Low,Very High,Very High,New,Late Mid,0.9808292530117262
58.0,25.0,2.0,92.0,68.0,10.0,40.0,Lead,0,Low,Very High,Moderate,Veteran,Senior,0.325422400434628
50.0,25.0,5.0,71.0,169.0,11.0,6.0,Junior,0,Very High,High,Moderate,Veteran,Senior,0.3528213746227424
57.0,23.0,1.0,9.0,103.0,15.0,74.0,Mid,0,Moderate,Low,Moderate,Veteran,Senior,0.48550781578170077
41.0,28.0,3.0,20.0,181.0,11.0,62.0,Mid,0,Very High,Low,Moderate,Veteran,Early Mid,0.3215836241274623
41.0,11.0,3.0,77.0,130.0,12.0,79.0,Senior,0,High,Very High,High,Mid,Early Mid,0.6931471805599453
36.0,18.0,4.0,24.0,3.0,9.0,53.0,Mid,0,Very Low,Low,Moderate,Senior,Early Mid,0.38776553100876343
36.0,8.0,4.0,64.0,89.0,7.0,24.0,Senior,1,Moderate,High,High,New,Early Mid,0.5753641449035618
45.0,3.0,3.0,69.0,147.0,7.0,3.0,Junior,1,High,High,Very High,New,Late Mid,1.0116009116784799
50.0,4.0,5.0,6.0,135.0,18.0,40.0,Junior,1,High,Low,Very High,New,Senior,1.5260563034950494
38.0,20.0,1.0,79.0,161.0,10.0,33.0,Lead,0,Very High,Very High,Moderate,Senior,Early Mid,0.38946476676172326
46.0,4.0,5.0,49.0,72.0,15.0,75.0,Senior,1,Low,Medium,Very High,New,Late Mid,1.3862943611198906
37.0,11.0,3.0,89.0,4.0,5.0,83.0,Senior,0,Very Low,Very High,Moderate,Mid,Early Mid,0.3483066942682158
38.0,14.90033222591362,3.0,36.0,30.0,9.0,84.0,Senior,1,Very Low,Medium,Moderate,Mid,Early Mid,0.4485411420683795
42.0,10.0,1.0,50.15503875968992,174.0,2.0,89.0,Mid,1,Very High,Medium,Low,Mid,Late Mid,0.1670540846631662
48.0,27.0,1.0,56.0,119.0,6.0,99.0,Junior,0,High,High,Low,Veteran,Late Mid,0.19415601444095745
26.0,29.0,2.9623059866962307,21.0,117.0,7.0,8.0,Senior,0,Moderate,Low,Low,Veteran,Young,0.20972053098206908
43.0,26.0,4.0,7.0,43.0,1.0,14.0,Junior,0,Low,Low,Low,Veteran,Late Mid,0.03636764417087485
54.0,21.0,5.0,39.0,35.0,1.0,62.0,Senior,0,Very Low,Medium,Low,Senior,Senior,0.04445176257083384
23.0,21.0,3.0,93.0,196.0,17.0,51.1219512195122,Junior,0,Very High,Very High,High,Senior,Young,0.5725191927713306
56.0,2.0,5.0,27.0,74.0,19.0,21.0,Mid,1,Low,Low,Very High,New,Senior,1.992430164690206
40.0,20.0,4.0,13.0,150.0,8.0,44.0,Lead,1,High,Low,Moderate,Senior,Early Mid,0.322773392263051
48.0,10.0,2.0,48.0,111.0,9.0,73.0,Lead,0,Moderate,Medium,High,Mid,Late Mid,0.5978370007556205
57.0,14.90033222591362,1.0,63.0,182.0,3.0,23.0,Mid,0,Very High,High,Low,Mid,Senior,0.17283949628232878
23.0,28.0,3.0,22.0,85.0,9.0,70.0,Senior,0,Low,Low,Low,Veteran,Young,0.27029032973991174
39.0,16.0,3.0,69.0,32.0,10.0,51.1219512195122,Senior,0,Very Low,High,Moderate,Senior,Early Mid,0.462623521948113
44.0,9.0,2.0,66.0,186.0,8.0,86.0,Lead,0,Very High,High,High,Mid,Late Mid,0.5877866649021191
47.0,14.0,3.0,64.0,157.0,12.0,49.0,Mid,0,High,High,High,Mid,Late Mid,0.5877866649021191
32.0,16.0,3.0,92.0,112.0,18.0,50.0,Lead,0,Moderate,Very High,High,Senior,Young,0.7221347174331976
22.0,11.0,2.0,16.0,164.0,1.0,82.0,Lead,0,Very High,Low,Low,Mid,Young,0.08004270767353643
57.0,28.0,4.0,50.0,73.0,1.0,51.1219512195122,Mid,0,Low,Medium,Low,Veteran,Senior,0.033901551675681346
41.0,3.0,1.0,45.0,36.0,13.0,51.0,Lead,0,Very Low,Medium,Very High,New,Early Mid,1.4469189829363254
52.0,6.0,4.0,37.0,161.0,4.0,15.0,Mid,0,Very High,Medium,Moderate,New,Senior,0.4519851237430572
29.0,23.0,2.0,62.0,189.0,10.0,56.0,Junior,0,Very High,High,Moderate,Veteran,Young,0.3483066942682158
45.0,12.0,5.0,33.0,24.0,6.0,24.0,Mid,0,Very Low,Medium,Moderate,Mid,Late Mid,0.37948962170490375
41.0,23.0,1.0,69.0,149.0,14.0,69.0,Mid,0,High,High,Moderate,Veteran,Early Mid,0.4595323293784402
36.0,13.0,5.0,10.0,181.0,11.0,70.0,Mid,0,Very High,Low,High,Mid,Early Mid,0.5798184952529422
51.0,23.0,3.0,55.0,198.0,9.96234772978959,46.0,Mid,1,Very High,High,Moderate,Veteran,Senior,0.347198660913854
41.0,25.0,1.0,18.0,52.0,11.0,0.0,Lead,1,Low,Low,Moderate,Veteran,Early Mid,0.3528213746227424
59.0,10.0,5.0,66.0,93.0,1.0,48.0,Lead,0,Moderate,High,Low,Mid,Senior,0.08701137698962977
23.0,2.0,5.0,48.0,127.0,18.0,93.0,Junior,0,High,Medium,Very High,New,Young,1.9459101490553132
27.0,10.0,2.9623059866962307,50.0,178.0,0.0,30.0,Mid,0,Very High,Medium,Low,Mid,Young,0.0
39.0,14.90033222591362,3.0,12.0,73.0,11.0,5.0,Senior,0,Low,Low,High,Mid,Early Mid,0.5257986332177957
57.0,13.0,1.0,66.0,130.0,2.0,93.0,Lead,0,High,High,Low,Mid,Senior,0.13353139262452263
35.0,17.0,4.0,48.0,103.0,7.0,59.0,Mid,0,Moderate,Medium,Moderate,Senior,Early Mid,0.32850406697203605
47.0,5.0,2.9623059866962307,50.15503875968992,163.0,0.0,21.0,Junior,0,Very High,Medium,Low,New,Late Mid,0.0
55.0,19.0,1.0,8.0,73.0,9.0,19.0,Lead,1,Low,Low,Moderate,Senior,Senior,0.37156355643248307
51.0,0.0,5.0,79.0,21.0,2.0,61.0,Mid,0,Very Low,Very High,Very High,New,Senior,1.0986122886681096
28.0,16.0,2.0,58.0,131.0,9.0,0.0,Lead,0,High,High,Moderate,Senior,Young,0.42488319396526597
51.0,16.0,2.0,41.0,168.0,8.0,71.0,Senior,0,Very High,Medium,Moderate,Senior,Senior,0.3856624808119847
39.0,7.0,3.0,93.0,4.0,19.0,76.0,Mid,0,Very Low,Very High,Very High,New,Early Mid,1.2163953243244932
43.0,17.0,4.0,11.0,22.0,4.0,84.0,Mid,0,Very Low,Low,Low,Senior,Late Mid,0.20067069546215116
38.0,11.0,2.9623059866962307,22.0,42.0,9.0,51.0,Mid,0,Low,Low,High,Mid,Early Mid,0.5596157879354227
52.0,14.0,1.0,35.0,193.0,12.0,14.0,Mid,0,Very High,Medium,High,Mid,Senior,0.5877866649021191
38.0,3.0,2.0,35.0,127.0,9.96234772978959,73.0,Junior,0,High,Medium,Very High,New,Early Mid,1.2500698975607842
52.0,3.0,5.0,82.0,77.0,7.0,82.0,Senior,0,Low,Very High,Very High,New,Senior,1.0116009116784799
34.0,15.0,4.0,71.0,65.0,7.0,37.0,Senior,0,Low,High,Moderate,Senior,Early Mid,0.3629054936893685
48.0,6.0,4.0,50.0,103.0,12.0,80.0,Lead,0,Moderate,Medium,Very High,New,Late Mid,0.9985288301111271
41.0,16.0,2.0,85.0,39.0,18.0,48.0,Junior,0,Very Low,Very High,High,Senior,Early Mid,0.7221347174331976
38.0,24.0,5.0,98.0,28.0,15.0,11.0,Senior,0,Very Low,Very High,Moderate,Veteran,Early Mid,0.4700036292457356
56.0,16.0,1.0,76.0,103.0,10.0,38.0,Junior,0,Moderate,Very High,Moderate,Senior,Senior,0.462623521948113
29.0,14.90033222591362,1.0,63.0,27.0,5.0,66.0,Mid,0,Very Low,High,Low,Mid,Young,0.273425051101711
59.0,14.90033222591362,2.9623059866962307,55.0,155.0,4.0,35.0,Mid,0,High,High,Low,Mid,Senior,0.22439642264117637
36.0,0.0,2.9623059866962307,30.0,130.0,9.96234772978959,38.0,Mid,1,High,Medium,Very High,New,Early Mid,2.3944664675028218
22.0,27.0,1.0,70.0,27.0,4.0,28.0,Senior,0,Very Low,High,Low,Veteran,Young,0.13353139262452263
41.0,14.90033222591362,2.0,76.0,40.0,15.0,74.0,Lead,1,Very Low,Very High,High,Mid,Early Mid,0.6644269317741484
59.0,14.90033222591362,2.0,57.0,153.0,16.0,29.0,Lead,0,High,High,High,Mid,Senior,0.696276420622567
36.0,27.0,3.0,77.0,25.0,6.0,95.0,Mid,0,Very Low,Very High,Low,Veteran,Early Mid,0.19415601444095745
39.0,12.0,3.0,88.0,20.0,12.0,25.0,Mid,1,Very Low,Very High,High,Mid,Early Mid,0.653926467406664
59.0,27.0,4.0,79.0,184.0,17.0,31.0,Junior,1,Very High,Very High,Moderate,Veteran,Senior,0.4744579795951158
52.0,7.0,5.0,75.0,103.0,9.0,27.0,Junior,1,Moderate,Very High,High,New,Senior,0.7537718023763802
41.0,1.0,3.0,46.0,52.0,10.0,78.0,Junior,1,Low,Medium,Very High,New,Early Mid,1.791759469228055
41.0,9.0,2.0,50.0,44.0,3.0,40.0,Mid,0,Low,Medium,Low,Mid,Early Mid,0.26236426446749106
41.0,21.0,4.0,97.0,88.0,6.0,54.0,Mid,1,Moderate,Very High,Low,Senior,Early Mid,0.24116205681688807
48.0,6.0,5.0,14.0,143.0,19.0,89.0,Lead,0,High,Low,Very High,New,Late Mid,1.3121863889661687
29.0,16.0,3.0,35.0,105.0,12.0,52.0,Mid,0,Moderate,Medium,High,Senior,Young,0.534082485930258
35.0,14.90033222591362,5.0,67.0,71.0,7.0,51.0,Senior,1,Low,High,Moderate,Mid,Early Mid,0.3648114144173332
36.0,11.0,1.0,12.0,185.0,14.0,13.0,Mid,0,Very High,Low,Very High,Mid,Early Mid,0.7731898882334818
28.0,19.0,1.0,62.0,89.0,6.0,32.0,Mid,0,Moderate,High,Low,Senior,Young,0.26236426446749106
54.0,29.0,1.0,87.0,4.0,18.0,31.0,Mid,0,Very Low,Very High,Moderate,Veteran,Senior,0.4700036292457356
55.0,29.0,3.0,55.0,181.0,16.0,97.0,Senior,0,Very High,High,Moderate,Veteran,Senior,0.4274440148269396
25.0,27.0,5.0,0.0,166.0,18.0,37.0,Junior,1,Very High,Low,High,Veteran,Young,0.4964368863138911
22.0,6.0,2.9623059866962307,21.0,52.0,15.0,51.1219512195122,Mid,0,Low,Low,Very High,New,Young,1.1451323043030026
35.0,25.0,2.9623059866962307,0.0,130.0,11.0,75.0,Mid,0,High,Low,Moderate,Veteran,Early Mid,0.3528213746227424
52.0,25.0,2.0,33.0,176.0,7.0,7.0,Mid,0,Very High,Medium,Low,Veteran,Senior,0.23841102344499818
59.0,11.0,2.0,77.0,86.0,2.0,9.0,Senior,0,Low,Very High,Low,Mid,Senior,0.1541506798272583
24.0,21.0,5.0,96.0,40.0,17.0,90.0,Junior,0,Very Low,Very High,High,Senior,Young,0.5725191927713306
41.0,22.0,2.0,93.0,157.0,0.0,21.0,Senior,0,High,Very High,Low,Senior,Early Mid,0.0
54.0,24.0,5.0,21.0,73.0,10.0,55.0,Junior,0,Low,Low,Moderate,Veteran,Senior,0.33647223662121295
36.0,7.0,2.0,44.0,196.0,4.0,16.0,Junior,0,Very High,Medium,Moderate,New,Early Mid,0.4054651081081644
24.0,1.0,5.0,8.0,8.0,5.0,97.0,Mid,1,Very Low,Low,Very High,New,Young,1.252762968495368
49.0,28.0,3.0,53.0,164.0,19.0,62.0,Mid,1,Very High,High,High,Veteran,Late Mid,0.5039051809214169
48.0,19.0,3.0,0.0,105.0,14.0,21.0,Senior,0,Moderate,Low,High,Senior,Late Mid,0.5306282510621704
54.0,14.0,4.0,28.0,60.0,6.0,38.0,Lead,0,Low,Medium,Moderate,Mid,Senior,0.33647223662121295
40.0,1.0,2.0,62.0,163.0,4.0,85.0,Lead,0,Very High,High,Very High,New,Early Mid,1.0986122886681096
54.0,11.0,1.0,8.0,24.0,16.0,78.0,Lead,1,Very Low,Low,Very High,Mid,Senior,0.8472978603872036
41.0,25.0,4.0,86.0,172.0,13.0,58.0,Lead,0,Very High,Very High,Moderate,Veteran,Early Mid,0.4054651081081644
25.0,17.0,1.0,84.0,26.0,1.0,42.0,Junior,1,Very Low,Very High,Low,Senior,Young,0.054067221270275766
49.0,14.90033222591362,3.0,5.0,103.0,10.0,89.0,Senior,1,Moderate,Low,Moderate,Mid,Late Mid,0.4879157921591328
37.0,6.0,1.0,79.0,107.0,6.0,83.0,Junior,0,Moderate,Very High,High,New,Early Mid,0.6190392084062234
49.0,9.0,3.0,39.0,27.0,11.0,19.0,Mid,0,Very Low,Medium,High,Mid,Late Mid,0.7419373447293773
41.0,26.0,4.0,61.0,165.0,18.0,51.1219512195122,Lead,1,Very High,High,High,Veteran,Early Mid,0.5108256237659907
43.0,1.0,4.0,14.0,108.0,18.0,18.0,Lead,1,Moderate,Low,Very High,New,Late Mid,2.302585092994046
52.0,14.90033222591362,3.0,74.0,133.0,5.0,51.1219512195122,Lead,0,High,Very High,Low,Mid,Senior,0.273425051101711
42.0,13.0,5.0,12.0,172.0,16.0,91.0,Lead,0,Very High,Low,High,Mid,Late Mid,0.7621400520468967
41.0,26.0,2.0,39.0,114.0,7.0,97.0,Senior,0,Moderate,Medium,Low,Veteran,Early Mid,0.2305236586118323
28.0,15.0,5.0,30.0,174.0,13.0,2.0,Mid,0,Very High,Medium,High,Senior,Young,0.5947071077466928
54.0,22.0,4.0,69.0,47.0,0.0,83.0,Junior,0,Low,High,Low,Senior,Senior,0.0
29.0,12.0,2.0,58.0,153.0,6.0,77.0,Mid,0,High,High,Moderate,Mid,Young,0.37948962170490375
35.0,3.0,5.0,33.0,173.0,19.0,47.0,Lead,1,Very High,Medium,Very High,New,Early Mid,1.749199854809259
46.0,27.0,1.0,29.0,135.0,16.0,81.0,Mid,0,High,Medium,Moderate,Veteran,Late Mid,0.4519851237430572
49.0,18.0,3.0,48.0,96.0,7.0,95.0,Junior,0,Moderate,Medium,Moderate,Senior,Late Mid,0.3136575588550416
23.0,14.90033222591362,1.0,62.0,133.0,13.0,78.0,Senior,0,High,High,High,Mid,Young,0.5975130870392221
38.0,20.0,3.0,75.0,103.0,2.0,79.0,Mid,0,Moderate,Very High,Low,Senior,Early Mid,0.09097177820572669
48.0,6.0,1.0,74.0,180.0,19.0,88.0,Mid,0,Very High,Very High,Very High,New,Late Mid,1.3121863889661687
23.0,28.0,4.0,58.0,13.0,1.0,63.0,Junior,0,Very Low,High,Low,Veteran,Young,0.033901551675681346
29.0,13.0,2.0,5.0,140.0,19.0,94.0,Lead,0,High,Low,Very High,Mid,Young,0.8574502318512216
59.0,12.0,1.0,58.0,56.0,16.0,52.0,Lead,0,Low,High,Very High,Mid,Senior,0.8023464725249373
41.0,15.0,4.0,9.0,68.0,17.0,2.0,Mid,0,Low,Low,High,Senior,Early Mid,0.723918839226699
41.0,17.0,4.0,65.0,41.0,1.0,60.0,Mid,0,Very Low,High,Low,Senior,Early Mid,0.054067221270275766
42.0,19.0,2.0,38.0,197.0,18.0,42.0,Senior,0,Very High,Medium,High,Senior,Late Mid,0.6418538861723948
47.0,12.0,2.0,32.0,27.0,5.0,6.0,Junior,1,Very Low,Medium,Moderate,Mid,Late Mid,0.325422400434628
52.0,14.90033222591362,1.0,53.0,150.0,4.0,46.0,Lead,1,High,High,Low,Mid,Senior,0.22439642264117637
41.0,3.0,2.9623059866962307,71.0,22.0,6.0,9.0,Junior,1,Very Low,High,Very High,New,Early Mid,0.9162907318741551
27.0,5.0,4.0,44.0,178.0,7.0,28.0,Junior,0,Very High,Medium,Very High,New,Young,0.7731898882334818
22.0,27.0,3.0,78.0,166.0,1.0,30.0,Lead,0,Very High,Very High,Low,Veteran,Young,0.0350913198112701
47.0,17.0,2.0,30.0,187.0,19.0,26.0,Mid,0,Very High,Medium,High,Senior,Late Mid,0.7205461547480597
50.0,23.0,3.0,53.0,141.0,13.0,57.0,Mid,1,High,High,Moderate,Veteran,Senior,0.4328640822962788
23.0,16.0,3.0,75.0,47.0,13.0,94.0,Senior,1,Low,Very High,High,Senior,Young,0.5679840376059393
50.0,12.0,3.0,4.0,63.0,13.0,17.0,Junior,0,Low,Low,High,Mid,Senior,0.6931471805599453
41.0,21.0,2.0,47.0,103.0,9.0,14.0,Lead,1,Moderate,Medium,Moderate,Senior,Early Mid,0.3429447511268304
42.0,1.0,1.0,90.0,43.0,9.96234772978959,63.0,Senior,1,Low,Very High,Very High,New,Late Mid,1.7886168471759056
53.0,7.0,4.0,66.0,44.0,2.0,31.0,Lead,0,Low,High,Low,New,Senior,0.22314355131420976
47.0,1.0,1.0,57.0,143.0,11.0,50.0,Lead,0,High,High,Very High,New,Late Mid,1.8718021769015913
24.0,4.0,5.0,4.0,114.0,13.0,47.0,Lead,0,Moderate,Low,Very High,New,Young,1.2809338454620645
53.0,15.0,2.0,59.0,97.0,12.0,51.1219512195122,Mid,1,Moderate,High,High,Senior,Senior,0.5596157879354227
54.0,15.0,4.0,70.0,133.0,11.0,76.0,Mid,0,High,High,High,Senior,Senior,0.5232481437645479
54.0,13.0,3.0,50.15503875968992,68.0,4.0,92.0,Mid,0,Low,Medium,Low,Mid,Senior,0.25131442828090605
34.0,26.0,2.9623059866962307,48.0,24.0,4.0,56.0,Mid,1,Very Low,Medium,Low,Veteran,Early Mid,0.13815033848081718
27.0,9.0,5.0,30.0,188.0,14.0,97.0,Junior,0,Very High,Medium,Very High,Mid,Young,0.8754687373538999
25.0,27.0,3.0,38.0,43.0,4.0,64.0,Senior,0,Low,Medium,Low,Veteran,Young,0.13353139262452263
59.0,9.0,2.0,81.0,100.0,5.0,78.0,Lead,0,Moderate,Very High,Moderate,Mid,Senior,0.4054651081081644
27.0,13.0,3.0,63.0,183.0,13.0,45.0,Mid,0,Very High,High,High,Mid,Young,0.6567795363890705
24.0,22.0,3.0,24.0,135.0,15.0,57.0,Mid,0,High,Low,High,Senior,Young,0.5020919437972361
48.0,13.0,2.0,56.0,165.0,6.0,69.0,Mid,1,Very High,High,Moderate,Mid,Late Mid,0.35667494393873234
41.0,23.0,1.0,83.0,56.0,8.0,97.0,Lead,1,Low,Very High,Low,Veteran,Early Mid,0.2876820724517809
39.0,2.0,3.0,98.0,191.0,7.0,5.0,Lead,0,Very High,Very High,Very High,New,Early Mid,1.2039728043259361
41.0,19.0,2.0,10.0,167.0,3.0,77.0,Mid,1,Very High,Low,Low,Senior,Early Mid,0.13976194237515868
51.0,14.0,3.0,46.0,34.0,18.0,1.0,Lead,0,Very Low,Medium,Very High,Mid,Senior,0.7884573603642702
31.0,27.0,3.0,51.0,75.0,7.0,69.0,Lead,1,Low,High,Low,Veteran,Young,0.22314355131420976
44.0,19.0,4.0,18.0,164.0,11.0,24.0,Mid,0,Very High,Low,Moderate,Senior,Late Mid,0.4382549309311553
24.0,17.0,2.9623059866962307,50.0,151.0,19.0,13.0,Senior,1,High,Medium,High,Senior,Young,0.7205461547480597
30.0,25.0,3.0,45.0,20.0,11.0,43.0,Lead,0,Very Low,Medium,Moderate,Veteran,Young,0.3528213746227424
40.0,27.0,4.0,82.0,107.0,3.0,42.0,Mid,1,Moderate,Very High,Low,Veteran,Early Mid,0.10178269430994231
57.0,5.0,3.0,0.0,70.0,9.96234772978959,48.0,Lead,1,Low,Low,Very High,New,Senior,0.9784732128393459
48.0,26.0,2.0,20.0,103.0,8.0,84.0,Mid,0,Moderate,Low,Low,Veteran,Late Mid,0.2595111954850846
49.0,0.0,3.0,49.0,199.0,4.0,17.0,Junior,1,Very High,Medium,Very High,New,Late Mid,1.6094379124341003
29.0,11.0,3.0,86.0,117.0,18.0,38.0,Mid,0,Moderate,Very High,Very High,Mid,Young,0.9162907318741551
29.0,14.90033222591362,2.0,99.0,1.0,4.0,33.0,Junior,0,Very Low,Very High,Low,Mid,Young,0.22439642264117637
39.0,26.0,1.0,81.0,83.0,3.0,76.0,Junior,1,Low,Very High,Low,Veteran,Early Mid,0.1053605156578263
10.0,6.0,3.0,71.0,85.0,18.0,77.0,Mid,0,Low,High,Very High,New,Young,1.2729656758128876
34.0,26.0,3.0,64.0,94.0,0.0,57.0,Senior,0,Moderate,High,Low,Veteran,Early Mid,0.0
48.0,3.0,5.0,10.0,87.0,8.0,85.0,Junior,0,Moderate,Low,Very High,New,Late Mid,1.0986122886681096
37.0,29.0,2.0,81.0,194.0,0.0,68.0,Lead,0,Very High,Very High,Low,Veteran,Early Mid,0.0
30.0,23.0,1.0,50.15503875968992,10.0,1.0,90.0,Junior,0,Very Low,Medium,Low,Veteran,Young,0.040821994520255124
48.0,19.0,3.0,97.0,106.0,14.0,23.0,Junior,0,Moderate,Very High,High,Senior,Late Mid,0.5306282510621704
38.0,22.0,2.9623059866962307,38.0,111.0,15.0,53.0,Lead,0,Moderate,Medium,High,Senior,Early Mid,0.5020919437972361
25.0,2.0,1.0,96.0,164.0,14.0,76.0,Junior,0,Very High,Very High,Very High,New,Young,1.7346010553881064
22.0,14.90033222591362,1.0,10.0,178.0,13.0,54.0,Mid,0,Very High,Low,High,Mid,Young,0.5975130870392221
35.0,14.0,5.0,76.0,16.0,3.0,36.0,Senior,0,Very Low,Very High,Low,Mid,Early Mid,0.18232155679395462
29.0,0.0,2.0,64.0,172.0,16.0,56.0,Lead,0,Very High,High,Very High,New,Young,2.833213344056216
28.0,4.0,3.0,81.0,106.0,14.0,51.1219512195122,Lead,0,Moderate,Very High,Very High,New,Young,1.33500106673234
46.0,2.0,2.0,92.0,48.0,7.0,51.1219512195122,Lead,0,Low,Very High,Very High,New,Late Mid,1.2039728043259361
37.0,14.90033222591362,5.0,58.0,156.0,17.0,37.0,Junior,0,High,High,High,Mid,Early Mid,0.7271427520529841
32.0,28.0,1.0,5.0,91.0,2.0,44.0,Mid,0,Moderate,Low,Low,Veteran,Young,0.06669137449867221
41.0,14.90033222591362,2.9623059866962307,88.0,11.0,15.0,79.0,Junior,0,Very Low,Very High,High,Mid,Early Mid,0.6644269317741484
54.0,27.0,3.0,86.0,9.0,16.0,0.0,Mid,0,Very Low,Very High,Moderate,Veteran,Senior,0.4519851237430572
42.0,24.0,3.0,98.0,103.0,2.0,35.0,Senior,1,Moderate,Very High,Low,Veteran,Late Mid,0.07696104113612832
31.0,26.0,1.0,56.0,70.0,1.0,27.0,Senior,0,Low,High,Low,Veteran,Young,0.03636764417087485
30.0,28.0,1.0,93.0,18.0,16.0,8.0,Lead,1,Very Low,Very High,Moderate,Veteran,Young,0.4393666597838457
55.0,11.0,4.0,41.0,165.0,4.0,35.0,Mid,1,Very High,Medium,Low,Mid,Senior,0.2876820724517809
52.0,14.90033222591362,1.0,50.0,64.0,6.0,51.0,Junior,0,Low,Medium,Moderate,Mid,Senior,0.320161803120989
41.0,12.0,2.0,72.0,149.0,3.0,95.0,Lead,0,High,High,Low,Mid,Early Mid,0.20763936477824452
40.0,21.0,5.0,62.0,164.0,1.0,85.0,Junior,0,Very High,High,Low,Senior,Early Mid,0.04445176257083384
42.0,18.0,2.0,50.15503875968992,100.0,9.0,79.0,Junior,0,Moderate,Medium,Moderate,Senior,Late Mid,0.38776553100876343
46.0,11.0,1.0,12.0,177.0,11.0,8.0,Lead,0,Very High,Low,High,Mid,Late Mid,0.6505875661411493
41.0,11.0,4.0,25.0,52.0,0.0,96.0,Senior,0,Low,Low,Low,Mid,Early Mid,0.0
47.0,15.0,4.0,58.0,115.0,14.0,12.0,Junior,0,Moderate,High,High,Senior,Late Mid,0.6286086594223741
28.0,17.0,2.9623059866962307,50.0,89.0,9.96234772978959,32.0,Junior,0,Moderate,Medium,Moderate,Senior,Young,0.4404871233903558
24.0,22.0,3.0,34.0,108.0,9.96234772978959,63.0,Junior,1,Moderate,Medium,Moderate,Senior,Young,0.35987171624135533
29.0,27.0,1.0,58.0,163.0,12.0,24.0,Mid,0,Very High,High,Moderate,Veteran,Young,0.35667494393873234
51.0,9.0,1.0,84.0,102.0,19.0,69.0,Mid,0,Moderate,Very High,Very High,Mid,Senior,1.0647107369924282
32.0,2.0,3.0,72.0,79.0,13.0,65.0,Lead,0,Low,High,Very High,New,Young,1.6739764335716716
29.0,8.0,3.0,98.0,7.0,5.0,36.0,Mid,0,Very Low,Very High,Moderate,New,Young,0.44183275227903923
58.0,20.0,3.0,62.0,118.0,9.0,70.0,Senior,0,High,High,Moderate,Senior,Senior,0.35667494393873234
38.0,16.0,5.0,34.0,138.0,19.0,56.0,Mid,0,High,Medium,High,Senior,Early Mid,0.750305594399894
29.0,1.0,2.0,19.0,97.0,17.0,21.0,Mid,0,Moderate,Low,Very High,New,Young,2.2512917986064953
51.0,4.0,4.0,6.0,21.0,0.0,68.0,Mid,0,Very Low,Low,Low,New,Senior,0.0
37.0,28.0,5.0,46.0,59.0,9.0,60.0,Lead,0,Low,Medium,Low,Veteran,Early Mid,0.27029032973991174
25.0,10.0,4.0,67.0,103.0,0.0,92.0,Junior,1,Moderate,High,Low,Mid,Young,0.0
42.0,20.0,1.0,40.0,14.0,13.0,64.0,Senior,1,Very Low,Medium,Moderate,Senior,Late Mid,0.48183808689273844
55.0,4.0,1.0,50.0,145.0,19.0,4.0,Lead,0,High,Medium,Very High,New,Senior,1.5686159179138452
41.0,1.0,1.0,86.0,51.0,10.0,82.0,Mid,1,Low,Very High,Very High,New,Early Mid,1.791759469228055
34.0,17.0,5.0,73.0,103.0,4.0,66.0,Mid,1,Moderate,High,Low,Senior,Early Mid,0.20067069546215116
48.0,25.0,1.0,40.0,194.0,6.0,71.0,Mid,1,Very High,Medium,Low,Veteran,Late Mid,0.20763936477824452
50.0,26.0,2.9623059866962307,63.0,123.0,16.0,22.0,Mid,1,High,High,Moderate,Veteran,Senior,0.4653632496892333
37.0,9.0,3.0,74.0,14.0,8.0,23.0,Lead,1,Very Low,Very High,High,Mid,Early Mid,0.5877866649021191
26.0,6.0,1.0,59.0,175.0,16.0,51.1219512195122,Lead,0,Very High,High,Very High,New,Young,1.1895840668738362
58.0,12.0,4.0,31.0,121.0,1.0,61.0,Junior,0,High,Medium,Low,Mid,Senior,0.07410797215372188
41.0,1.0,1.0,31.0,145.0,14.0,64.0,Junior,0,High,Medium,Very High,New,Early Mid,2.0794415416798357
36.0,22.0,2.9623059866962307,95.0,117.0,2.0,51.0,Junior,0,Moderate,Very High,Low,Senior,Early Mid,0.08338160893905106
42.0,7.0,5.0,98.0,27.0,8.0,45.0,Mid,0,Very Low,Very High,High,New,Late Mid,0.6931471805599453
55.0,2.0,2.0,57.0,117.0,1.0,32.0,Senior,0,Moderate,High,Low,New,Senior,0.2876820724517809
43.0,20.0,3.0,54.0,35.0,9.0,93.0,Senior,0,Very Low,High,Moderate,Senior,Late Mid,0.35667494393873234
43.0,9.0,2.0,75.0,187.0,17.0,79.0,Mid,0,Very High,Very High,Very High,Mid,Late Mid,0.9932517730102834
30.0,2.0,1.0,50.15503875968992,19.0,9.96234772978959,4.0,Junior,0,Very Low,Medium,Very High,New,Young,1.463436537839916
47.0,14.0,4.0,79.0,169.0,16.0,24.0,Senior,1,Very High,Very High,High,Mid,Late Mid,0.7259370033829362
34.0,9.0,5.0,18.0,18.0,15.0,48.0,Mid,1,Very Low,Low,Very High,Mid,Early Mid,0.9162907318741551
39.0,14.90033222591362,3.0,38.0,8.0,11.0,43.0,Junior,0,Very Low,Medium,High,Mid,Early Mid,0.5257986332177957
22.0,8.0,3.0,39.0,134.0,8.0,25.0,Mid,0,High,Medium,High,New,Young,0.6359887667199967
44.0,20.0,5.0,35.0,27.0,8.0,37.0,Mid,1,Very Low,Medium,Moderate,Senior,Late Mid,0.322773392263051
54.0,15.0,4.0,8.0,49.0,14.0,47.0,Mid,0,Low,Low,High,Senior,Senior,0.6286086594223741
52.0,23.0,3.0,39.0,75.0,5.0,51.0,Senior,1,Low,Medium,Low,Veteran,Senior,0.18924199963852842
42.0,19.0,4.0,22.0,145.0,14.0,63.0,Mid,0,High,Low,High,Senior,Late Mid,0.5306282510621704
44.0,29.0,3.0,36.0,180.0,17.0,44.0,Mid,0,Very High,Medium,Moderate,Veteran,Late Mid,0.4489502200479032
37.0,14.90033222591362,2.9623059866962307,50.15503875968992,105.0,8.0,51.1219512195122,Lead,0,Moderate,Medium,Moderate,Mid,Early Mid,0.4075523557872506
48.0,0.0,1.0,23.0,110.0,10.0,47.0,Senior,1,Moderate,Low,Very High,New,Late Mid,2.3978952727983707
41.0,3.0,3.0,28.0,158.0,8.0,11.0,Lead,0,High,Medium,Very High,New,Early Mid,1.0986122886681096
59.0,27.0,2.0,55.0,166.0,2.0,94.0,Mid,1,Very High,High,Low,Veteran,Senior,0.06899287148695145
35.0,6.0,3.0,83.0,120.0,10.0,16.0,Senior,0,High,Very High,Very High,New,Early Mid,0.8873031950009028
58.0,23.0,4.0,50.15503875968992,116.0,1.0,81.0,Mid,0,Moderate,Medium,Low,Veteran,Senior,0.040821994520255124
28.0,17.0,5.0,72.0,88.0,4.0,95.0,Senior,0,Moderate,High,Low,Senior,Young,0.20067069546215116
33.0,3.0,5.0,80.0,135.0,18.0,90.0,Junior,0,High,Very High,Very High,New,Early Mid,1.7047480922384253
49.0,20.0,4.0,61.0,12.0,9.0,69.0,Junior,0,Very Low,High,Moderate,Senior,Late Mid,0.35667494393873234
24.0,29.0,1.0,93.0,48.0,15.0,91.0,Lead,1,Low,Very High,Moderate,Veteran,Young,0.4054651081081644
42.0,29.0,3.0,5.0,103.0,16.0,51.1219512195122,Lead,0,Moderate,Low,Moderate,Veteran,Late Mid,0.4274440148269396
50.0,26.0,3.0,9.0,197.0,8.0,58.0,Mid,1,Very High,Low,Low,Veteran,Senior,0.2595111954850846
41.0,16.0,4.0,12.0,103.0,11.0,27.0,Mid,0,Moderate,Low,High,Senior,Early Mid,0.49899116611898786
48.0,18.0,4.0,60.0,20.0,0.0,8.0,Junior,1,Very Low,High,Low,Senior,Late Mid,0.0
42.0,13.0,4.0,36.0,69.0,14.0,71.0,Lead,0,Low,Medium,High,Mid,Late Mid,0.6931471805599453
54.0,22.0,4.0,76.0,168.0,6.0,97.0,Junior,0,Very High,Very High,Low,Senior,Senior,0.23180161405732433
51.0,19.0,5.0,74.0,170.0,5.0,75.0,Junior,1,Very High,Very High,Low,Senior,Senior,0.22314355131420976
30.0,7.0,3.0,11.0,25.0,17.0,94.0,Junior,0,Very Low,Low,Very High,New,Young,1.1394342831883648
59.0,9.0,5.0,54.0,4.0,9.96234772978959,99.0,Junior,0,Very Low,High,High,Mid,Senior,0.691262792705324
44.0,25.0,4.0,43.0,38.0,9.96234772978959,53.0,Junior,0,Very Low,Medium,Moderate,Veteran,Late Mid,0.3243759567085922
44.0,6.0,4.0,76.0,32.0,17.0,6.0,Mid,0,Very Low,Very High,Very High,New,Late Mid,1.2321436812926323
22.0,0.0,2.9623059866962307,81.0,39.0,7.0,7.0,Junior,0,Very Low,Very High,Very High,New,Young,2.0794415416798357
42.0,8.0,3.0,58.0,147.0,10.0,86.0,Mid,0,High,High,High,New,Late Mid,0.7472144018302211
53.0,1.0,5.0,70.0,162.0,5.0,84.0,Senior,1,Very High,High,Very High,New,Senior,1.252762968495368
47.0,25.0,3.0,12.0,103.0,9.0,53.0,Senior,0,Moderate,Low,Low,Veteran,Late Mid,0.2972515234679316
54.0,14.90033222591362,2.0,99.0,28.0,9.0,26.0,Senior,0,Very Low,Very High,Moderate,Mid,Senior,0.4485411420683795
30.0,3.0,2.0,7.0,45.0,2.0,12.0,Senior,1,Low,Low,Moderate,New,Young,0.4054651081081644
38.0,14.90033222591362,2.0,61.0,60.0,13.0,51.0,Mid,1,Low,High,High,Mid,Early Mid,0.5975130870392221
27.0,6.0,2.0,9.0,67.0,7.0,40.0,Lead,1,Low,Low,High,New,Young,0.6931471805599453
28.0,4.0,4.0,7.0,179.0,13.0,2.0,Lead,1,Very High,Low,Very High,New,Young,1.2809338454620645
28.0,21.0,5.0,37.0,174.0,2.0,19.0,Junior,0,Very High,Medium,Low,Senior,Young,0.08701137698962977
58.0,1.0,1.0,48.0,46.0,1.0,10.0,Lead,0,Low,Medium,Moderate,New,Senior,0.4054651081081644
26.0,15.0,1.0,8.0,102.0,9.96234772978959,56.0,Lead,0,Moderate,Low,Moderate,Senior,Young,0.4840586019395532
54.0,13.0,2.0,88.0,133.0,3.0,97.0,Junior,0,High,Very High,Low,Mid,Senior,0.19415601444095745
31.0,27.0,5.0,32.0,53.0,8.0,43.0,Lead,1,Low,Medium,Low,Veteran,Young,0.25131442828090605
38.0,8.0,3.0,56.0,175.0,19.0,65.0,Junior,0,Very High,High,Very High,New,Early Mid,1.1349799328389847
49.0,5.0,3.0,62.0,193.0,2.0,96.0,Mid,1,Very High,High,Low,New,Late Mid,0.2876820724517809
43.0,12.0,2.0,48.0,76.0,15.0,6.0,Junior,0,Low,Medium,High,Mid,Late Mid,0.7672551527136672
42.0,15.0,2.0,11.0,54.0,10.0,94.0,Mid,1,Low,Low,Moderate,Senior,Late Mid,0.48550781578170077
53.0,22.0,3.0,50.15503875968992,103.0,2.0,91.0,Senior,1,Moderate,Medium,Low,Senior,Senior,0.08338160893905106
53.0,18.0,1.0,85.0,36.0,5.0,58.0,Lead,0,Very Low,Very High,Low,Senior,Senior,0.23361485118150516
57.0,4.0,1.0,54.0,132.0,2.0,26.0,Mid,0,High,High,Moderate,New,Senior,0.33647223662121295
52.0,22.0,4.0,50.15503875968992,105.0,9.96234772978959,80.0,Mid,0,Moderate,Medium,Moderate,Senior,Senior,0.35987171624135533
27.0,8.0,1.0,71.0,5.0,18.0,90.0,Senior,1,Very Low,High,Very High,New,Young,1.0986122886681096
42.0,1.0,3.0,0.0,111.0,10.0,77.0,Lead,1,Moderate,Low,Very High,New,Late Mid,1.791759469228055
56.0,23.0,2.0,72.0,48.0,19.0,12.0,Mid,0,Low,High,High,Veteran,Senior,0.5831462853456167
35.0,26.0,3.0,3.0,26.0,16.0,33.0,Senior,0,Very Low,Low,Moderate,Veteran,Early Mid,0.4653632496892333
44.0,4.0,3.0,19.0,50.0,5.0,89.0,Mid,1,Low,Low,High,New,Late Mid,0.6931471805599453
41.0,11.0,4.0,73.0,103.0,12.0,62.0,Mid,0,Moderate,High,High,Mid,Early Mid,0.6931471805599453
51.0,9.0,1.0,75.0,39.0,0.0,25.0,Mid,0,Very Low,Very High,Low,Mid,Senior,0.0
31.0,9.0,1.0,27.0,18.0,17.0,24.0,Mid,1,Very Low,Low,Very High,Mid,Young,0.9932517730102834
51.0,18.0,4.0,85.0,66.0,19.0,19.0,Mid,0,Low,Very High,High,Senior,Senior,0.6931471805599453
28.0,10.0,3.0,33.0,130.0,5.0,14.0,Lead,0,High,Medium,Moderate,Mid,Young,0.3746934494414107
27.0,11.0,5.0,91.0,141.0,2.0,51.1219512195122,Senior,0,High,Very High,Low,Mid,Young,0.1541506798272583
29.0,16.0,5.0,42.0,62.0,5.0,91.0,Lead,0,Low,Medium,Low,Senior,Young,0.2578291093020998
47.0,0.0,1.0,11.0,5.0,5.0,98.0,Junior,1,Very Low,Low,Very High,New,Late Mid,1.791759469228055
39.0,3.0,3.0,62.0,98.0,16.0,51.1219512195122,Senior,0,Moderate,High,Very High,New,Early Mid,1.6094379124341003
57.0,26.0,1.0,76.0,57.0,19.0,83.0,Senior,0,Low,Very High,High,Veteran,Senior,0.532804530484766
47.0,27.0,5.0,95.0,73.0,15.0,83.0,Junior,0,Low,Very High,Moderate,Veteran,Late Mid,0.42899560551835847
25.0,29.0,3.0,29.0,18.0,19.0,59.0,Senior,1,Very Low,Medium,Moderate,Veteran,Young,0.4906229164484712
34.0,13.0,4.0,21.0,186.0,9.96234772978959,93.0,Junior,0,Very High,Low,High,Mid,Early Mid,0.5374264242152746
45.0,29.0,1.0,98.0,168.0,9.0,94.0,Mid,0,Very High,Very High,Low,Veteran,Late Mid,0.26236426446749106
52.0,25.0,3.0,36.0,56.0,19.0,40.0,Senior,0,Low,Medium,High,Veteran,Senior,0.5485659517488377
43.0,28.0,5.0,34.0,120.0,17.0,3.0,Junior,0,High,Medium,Moderate,Veteran,Late Mid,0.46134556650262093
39.0,13.0,1.0,43.0,174.0,10.0,62.0,Lead,0,Very High,Medium,High,Mid,Early Mid,0.538996500732687
55.0,20.0,2.0,51.0,0.0,10.0,48.0,Mid,1,Very Low,High,Moderate,Senior,Senior,0.38946476676172326
44.0,2.0,1.0,60.0,93.0,4.0,18.0,Mid,0,Moderate,High,Very High,New,Late Mid,0.8472978603872036
58.0,17.0,4.0,50.15503875968992,67.0,7.0,12.0,Senior,0,Low,Medium,Moderate,Senior,Senior,0.32850406697203605
22.0,24.0,3.0,76.0,182.0,3.0,79.0,Junior,0,Very High,Very High,Low,Veteran,Young,0.11332868530700317
41.0,2.0,3.0,80.0,44.0,1.0,19.0,Junior,0,Low,Very High,Low,New,Early Mid,0.2876820724517809
46.0,10.0,4.0,66.0,105.0,4.0,71.0,Mid,1,Moderate,High,Moderate,Mid,Late Mid,0.3101549283038395
27.0,6.0,1.0,19.0,96.0,18.0,10.0,Mid,1,Moderate,Low,Very High,New,Young,1.2729656758128876
41.0,13.0,1.0,64.0,131.0,13.0,20.0,Senior,1,High,High,High,Mid,Early Mid,0.6567795363890705
41.0,15.0,5.0,89.0,62.0,15.0,27.0,Senior,0,Low,Very High,High,Senior,Early Mid,0.661398482245365
30.0,4.0,1.0,50.15503875968992,38.0,6.0,79.0,Lead,0,Very Low,Medium,Very High,New,Young,0.7884573603642702
39.0,25.0,2.0,50.15503875968992,90.0,14.0,38.0,Senior,0,Moderate,Medium,Moderate,Veteran,Early Mid,0.4307829160924542
24.0,20.0,4.0,65.0,93.0,17.0,66.0,Junior,1,Moderate,High,High,Senior,Young,0.5930637220029628
57.0,12.0,5.0,86.0,24.0,15.0,94.0,Lead,1,Very Low,Very High,High,Mid,Senior,0.7672551527136672
27.0,15.0,3.0,81.0,190.0,5.0,29.0,Mid,0,Very High,Very High,Low,Senior,Young,0.27193371548364176
40.0,9.0,4.0,21.0,137.0,10.0,75.0,Junior,0,High,Low,High,Mid,Early Mid,0.6931471805599453
59.0,7.0,3.0,60.0,158.0,5.0,51.1219512195122,Lead,1,High,High,Moderate,New,Senior,0.48550781578170077
30.0,16.0,5.0,22.0,119.0,9.96234772978959,58.0,Junior,0,High,Low,Moderate,Senior,Young,0.4612280201619652
31.0,23.0,1.0,43.0,130.0,19.0,33.0,Lead,1,High,Medium,High,Veteran,Young,0.5831462853456167
45.0,2.0,1.0,94.0,103.0,17.0,19.0,Mid,1,Moderate,Very High,Very High,New,Late Mid,1.8971199848858813
47.0,26.0,4.0,78.0,83.0,17.0,35.0,Senior,1,Low,Very High,Moderate,Veteran,Late Mid,0.4883527679139321
29.0,22.0,5.0,27.0,103.0,7.0,51.1219512195122,Senior,0,Moderate,Low,Low,Senior,Young,0.2657031657330057
26.0,18.0,1.0,24.0,167.0,9.0,5.0,Mid,0,Very High,Low,Moderate,Senior,Young,0.38776553100876343
43.0,2.0,4.0,50.15503875968992,199.0,6.0,43.0,Mid,1,Very High,Medium,Very High,New,Late Mid,1.0986122886681096
46.0,17.0,2.0,11.0,103.0,12.0,45.0,Senior,0,Moderate,Low,High,Senior,Late Mid,0.5108256237659907
44.0,14.0,1.0,25.0,3.0,15.0,30.0,Senior,1,Very Low,Low,High,Mid,Late Mid,0.6931471805599453
42.0,14.0,3.0,54.0,81.0,15.0,1.0,Lead,0,Low,High,High,Mid,Late Mid,0.6931471805599453
24.0,25.0,5.0,39.0,94.0,13.0,69.0,Senior,0,Moderate,Medium,Moderate,Veteran,Young,0.4054651081081644
29.0,8.0,4.0,25.0,40.0,7.0,38.0,Junior,0,Very Low,Low,High,New,Young,0.5753641449035618
43.0,12.0,3.0,99.0,103.0,9.96234772978959,26.0,Mid,1,Moderate,Very High,High,Mid,Late Mid,0.5689064618019595
41.0,25.0,3.0,71.0,21.0,11.0,30.0,Lead,1,Very Low,High,Moderate,Veteran,Early Mid,0.3528213746227424
44.0,16.0,2.9623059866962307,87.0,188.0,10.0,37.0,Lead,0,Very High,Very High,Moderate,Senior,Late Mid,0.462623521948113
41.0,12.0,3.0,16.0,165.0,3.0,48.0,Junior,1,Very High,Low,Low,Mid,Early Mid,0.20763936477824452
49.0,17.0,2.0,56.0,99.0,7.0,25.0,Mid,1,Moderate,High,Moderate,Senior,Late Mid,0.32850406697203605
56.0,11.0,3.0,41.0,199.0,7.0,6.0,Mid,0,Very High,Medium,Moderate,Mid,Senior,0.4595323293784402
50.0,21.0,1.0,39.0,118.0,11.0,73.0,Junior,0,High,Medium,Moderate,Senior,Senior,0.4054651081081644
59.0,4.0,4.0,99.0,117.0,14.0,11.0,Senior,0,Moderate,Very High,Very High,New,Senior,1.33500106673234
27.0,12.0,5.0,49.0,110.0,11.0,72.0,Lead,0,Moderate,Medium,High,Mid,Young,0.6131044728864089
35.0,10.0,2.0,34.0,116.0,8.0,82.0,Senior,1,Moderate,Medium,High,Mid,Early Mid,0.5465437063680699
50.0,15.0,5.0,22.0,0.0,9.0,17.0,Mid,1,Very Low,Low,Moderate,Senior,Senior,0.44628710262841953
49.0,12.0,4.0,24.0,67.0,3.0,79.0,Lead,0,Low,Low,Low,Mid,Late Mid,0.20763936477824452
31.0,22.0,2.0,11.0,32.0,13.0,68.0,Junior,0,Very Low,Low,Moderate,Senior,Young,0.4480247225269603
25.0,3.0,3.0,66.0,73.0,5.0,74.0,Senior,0,Low,High,Very High,New,Young,0.8109302162163288
45.0,24.0,2.0,38.0,187.0,3.0,45.0,Lead,0,Very High,Medium,Low,Veteran,Late Mid,0.11332868530700317
23.0,14.90033222591362,5.0,9.0,93.0,11.0,41.0,Junior,0,Moderate,Low,High,Mid,Young,0.5257986332177957
50.0,18.0,4.0,96.0,63.0,18.0,51.1219512195122,Lead,0,Low,Very High,High,Senior,Senior,0.666478933477784
46.0,0.0,3.0,29.0,197.0,11.0,44.0,Junior,1,Very High,Medium,Very High,New,Late Mid,2.4849066497880004
52.0,13.0,1.0,27.0,103.0,5.0,44.0,Mid,1,Moderate,Low,Low,Mid,Senior,0.30538164955118186
36.0,1.0,3.0,98.0,24.0,1.0,96.0,Lead,0,Very Low,Very High,Moderate,New,Early Mid,0.4054651081081644
59.0,4.0,3.0,17.0,110.0,16.0,67.0,Senior,0,Moderate,Low,Very High,New,Senior,1.4350845252893227
54.0,16.0,1.0,8.0,103.0,13.0,57.0,Lead,0,Moderate,Low,High,Senior,Senior,0.5679840376059393
29.0,6.0,3.0,12.0,84.0,10.0,16.0,Lead,0,Low,Low,Very High,New,Young,0.8873031950009028
37.0,26.0,3.0,18.0,84.0,14.0,84.0,Lead,0,Low,Low,Moderate,Veteran,Early Mid,0.4177352006999787
59.0,8.0,5.0,77.0,19.0,13.0,26.0,Lead,0,Very Low,Very High,Very High,New,Senior,0.8938178760220965
55.0,15.0,1.0,28.0,196.0,16.0,66.0,Mid,1,Very High,Medium,High,Senior,Senior,0.6931471805599453
27.0,24.0,2.0,95.0,184.0,2.0,35.0,Mid,0,Very High,Very High,Low,Veteran,Young,0.07696104113612832
44.0,23.0,3.0,46.0,120.0,2.0,39.0,Lead,0,High,Medium,Low,Veteran,Late Mid,0.08004270767353643
56.0,0.0,5.0,87.0,11.0,9.96234772978959,92.0,Lead,0,Very Low,Very High,Very High,New,Senior,2.3944664675028218
50.0,1.0,3.0,98.0,177.0,9.0,88.0,Junior,0,Very High,Very High,Very High,New,Senior,1.7047480922384253
56.0,5.0,2.9623059866962307,88.0,49.0,18.0,60.0,Senior,0,Low,Very High,Very High,New,Senior,1.3862943611198906
23.0,21.0,5.0,43.0,164.0,7.0,80.0,Mid,1,Very High,Medium,Low,Senior,Young,0.2762533766281582
54.0,2.0,3.0,80.0,173.0,15.0,31.0,Junior,1,Very High,Very High,Very High,New,Senior,1.791759469228055
47.0,1.0,3.0,67.0,175.0,16.0,92.0,Senior,0,Very High,High,Very High,New,Late Mid,2.1972245773362196
53.0,10.0,2.9623059866962307,60.0,26.0,2.0,22.0,Senior,0,Very Low,High,Low,Mid,Senior,0.1670540846631662
39.0,14.90033222591362,1.0,75.0,118.0,10.0,76.0,Senior,0,High,Very High,Moderate,Mid,Early Mid,0.4879157921591328
55.0,6.0,4.0,41.0,113.0,1.0,51.1219512195122,Senior,0,Moderate,Medium,Low,New,Senior,0.13353139262452263
51.0,27.0,4.0,96.0,182.0,12.0,22.0,Junior,0,Very High,Very High,Moderate,Veteran,Senior,0.35667494393873234
44.0,9.0,5.0,83.0,150.0,8.0,32.0,Junior,0,High,Very High,High,Mid,Late Mid,0.5877866649021191
41.0,29.0,1.0,95.0,34.0,1.0,51.1219512195122,Junior,1,Very Low,Very High,Low,Veteran,Early Mid,0.03278982282299087
29.0,14.0,2.0,89.0,176.0,9.0,18.0,Lead,1,Very High,Very High,Moderate,Mid,Young,0.4700036292457356
35.0,1.0,2.0,21.0,60.0,12.0,27.0,Junior,0,Low,Low,Very High,New,Early Mid,1.9459101490553132
44.0,22.0,4.0,35.0,167.0,1.0,16.0,Mid,0,Very High,Medium,Low,Senior,Late Mid,0.04255961441879593
35.0,3.0,1.0,51.0,151.0,15.0,79.0,Junior,1,High,High,Very High,New,Early Mid,1.55814461804655
23.0,29.0,3.0,50.15503875968992,28.0,9.0,51.1219512195122,Mid,1,Very Low,Medium,Low,Veteran,Young,0.26236426446749106
25.0,27.0,5.0,50.15503875968992,143.0,19.0,67.0,Lead,0,High,Medium,High,Veteran,Young,0.5179430915348546
45.0,26.0,2.0,20.0,153.0,16.0,38.0,Mid,0,High,Low,Moderate,Veteran,Late Mid,0.4653632496892333
57.0,26.0,3.0,51.0,53.0,13.0,49.0,Mid,0,Low,High,Moderate,Veteran,Senior,0.39304258810960724
30.0,6.0,5.0,41.0,129.0,11.0,6.0,Lead,1,High,Medium,Very High,New,Young,0.9444616088408514
37.0,0.0,1.0,59.0,199.0,10.0,77.0,Junior,1,Very High,High,Very High,New,Early Mid,2.3978952727983707
53.0,7.0,2.0,24.0,3.0,19.0,76.0,Lead,0,Very Low,Low,Very High,New,Senior,1.2163953243244932
53.0,22.0,2.0,65.0,2.0,6.0,93.0,Junior,0,Very Low,High,Low,Senior,Senior,0.23180161405732433
48.0,6.0,4.0,33.0,115.0,9.96234772978959,87.0,Mid,0,Moderate,Medium,Very High,New,Late Mid,0.8850858991922552
41.0,16.0,2.0,59.0,158.0,19.0,15.0,Junior,1,High,High,High,Senior,Early Mid,0.750305594399894
25.0,28.0,1.0,27.0,48.0,18.0,97.0,Junior,1,Low,Low,Moderate,Veteran,Young,0.48285177172358457
57.0,27.0,4.0,87.0,194.0,10.0,26.0,Junior,0,Very High,Very High,Low,Veteran,Senior,0.30538164955118186
46.0,19.0,5.0,46.0,53.0,4.0,94.0,Mid,0,Low,Medium,Low,Senior,Late Mid,0.18232155679395462
36.0,28.0,2.9623059866962307,96.0,197.0,11.0,7.0,Mid,0,Very High,Very High,Moderate,Veteran,Early Mid,0.3215836241274623
33.0,5.0,4.0,66.0,22.0,15.0,72.0,Junior,0,Very Low,High,Very High,New,Early Mid,1.252762968495368
28.0,2.0,1.0,50.15503875968992,114.0,16.0,80.0,Senior,0,Moderate,Medium,Very High,New,Young,1.8458266904983307
57.0,24.0,1.0,6.0,54.0,18.0,51.1219512195122,Senior,0,Low,Low,High,Veteran,Senior,0.5423242908253616
45.0,16.0,3.0,52.0,69.0,7.0,59.0,Junior,0,Low,High,Moderate,Senior,Late Mid,0.34484048629172953
27.0,10.0,4.0,1.0,44.0,11.0,82.0,Lead,1,Low,Low,High,Mid,Young,0.6931471805599453
52.0,19.0,5.0,48.0,75.0,5.0,27.0,Lead,0,Low,Medium,Low,Senior,Senior,0.22314355131420976
42.0,8.0,1.0,50.15503875968992,94.0,14.0,71.0,Junior,1,Moderate,Medium,Very High,New,Late Mid,0.9382696385929303
32.0,27.0,1.0,95.0,35.0,7.0,83.0,Mid,0,Very Low,Very High,Low,Veteran,Young,0.22314355131420976
37.0,28.0,3.0,22.0,12.0,17.0,55.0,Lead,0,Very Low,Low,Moderate,Veteran,Early Mid,0.46134556650262093
35.0,22.0,2.9623059866962307,87.0,140.0,1.0,85.0,Lead,0,High,Very High,Low,Senior,Early Mid,0.04255961441879593
46.0,23.0,5.0,87.0,25.0,11.0,79.0,Junior,0,Very Low,Very High,Moderate,Veteran,Late Mid,0.37729423114146804
35.0,8.0,2.0,17.0,65.0,15.0,52.0,Mid,0,Low,Low,Very High,New,Early Mid,0.9808292530117262
59.0,29.0,3.0,5.0,114.0,0.0,43.0,Junior,0,Moderate,Low,Low,Veteran,Senior,0.0
39.0,20.0,1.0,33.0,172.0,12.0,93.0,Junior,0,Very High,Medium,Moderate,Senior,Early Mid,0.4519851237430572
35.0,19.0,2.0,35.0,114.0,16.0,55.0,Mid,0,Moderate,Medium,High,Senior,Early Mid,0.5877866649021191
45.0,22.0,4.0,8.0,21.0,9.96234772978959,9.0,Senior,0,Very Low,Low,Moderate,Senior,Late Mid,0.35987171624135533
29.0,27.0,3.0,91.0,8.0,3.0,82.0,Mid,0,Very Low,Very High,Low,Veteran,Young,0.10178269430994231
46.0,13.0,5.0,72.0,91.0,8.0,89.0,Lead,1,Moderate,High,Moderate,Mid,Late Mid,0.4519851237430572
55.0,5.0,1.0,75.0,104.0,10.0,50.0,Mid,0,Moderate,Very High,Very High,New,Senior,0.9808292530117262
49.0,28.0,1.0,50.15503875968992,61.0,15.0,10.0,Mid,0,Low,Medium,Moderate,Veteran,Late Mid,0.41689380393178715
39.0,14.0,1.0,37.0,81.0,10.0,48.0,Senior,0,Low,Medium,High,Mid,Early Mid,0.5108256237659907
55.0,17.0,2.0,60.0,123.0,18.0,77.0,Senior,0,High,High,High,Senior,Senior,0.6931471805599453
24.0,24.0,4.0,50.15503875968992,17.0,16.0,81.0,Lead,1,Very Low,Medium,High,Veteran,Young,0.49469624183610705
33.0,19.0,1.0,98.0,188.0,14.0,67.0,Lead,1,Very High,Very High,High,Senior,Early Mid,0.5306282510621704
57.0,22.0,2.9623059866962307,18.0,91.0,18.0,61.0,Mid,0,Moderate,Low,High,Senior,Senior,0.5780778507751582
26.0,26.0,2.0,30.0,92.0,10.0,81.0,Lead,1,Moderate,Medium,Moderate,Veteran,Young,0.31508104663989533
40.0,2.0,3.0,40.0,60.0,18.0,16.0,Senior,1,Low,Medium,Very High,New,Early Mid,1.9459101490553132
33.0,20.0,4.0,18.0,177.0,17.0,32.0,Lead,0,Very High,Low,High,Senior,Early Mid,0.5930637220029628
48.0,26.0,4.0,3.0,195.0,11.0,99.0,Junior,0,Very High,Low,Moderate,Veteran,Late Mid,0.34174929372205665
38.0,7.0,1.0,46.0,36.0,0.0,70.0,Junior,0,Very Low,Medium,Low,New,Early Mid,0.0
49.0,19.0,1.0,54.0,43.0,9.0,29.0,Junior,0,Low,High,Moderate,Senior,Late Mid,0.37156355643248307
43.0,11.0,1.0,72.0,90.0,0.0,82.0,Lead,0,Moderate,High,Low,Mid,Late Mid,0.0
31.0,21.0,2.0,59.0,103.0,16.0,88.0,Lead,0,Moderate,High,High,Senior,Young,0.5465437063680699
27.0,4.0,3.0,82.0,2.0,13.0,44.0,Lead,0,Very Low,Very High,Very High,New,Young,1.2809338454620645
38.0,0.0,5.0,50.15503875968992,154.0,1.0,96.0,Mid,0,High,Medium,High,New,Early Mid,0.6931471805599453
33.0,8.0,2.0,81.0,150.0,11.0,7.0,Lead,0,High,Very High,Very High,New,Early Mid,0.7985076962177716
27.0,16.0,5.0,25.0,116.0,15.0,59.0,Lead,0,Moderate,Low,High,Senior,Young,0.6325225587435105
43.0,27.0,5.0,61.0,65.0,4.0,86.0,Mid,1,Low,High,Low,Veteran,Late Mid,0.13353139262452263
37.0,2.0,5.0,38.0,170.0,14.0,52.0,Mid,0,Very High,Medium,Very High,New,Early Mid,1.7346010553881064
25.0,28.0,1.0,32.0,194.0,15.0,79.0,Junior,0,Very High,Medium,Moderate,Veteran,Young,0.41689380393178715
46.0,17.0,5.0,77.0,103.0,4.0,70.0,Senior,0,Moderate,Very High,Low,Senior,Late Mid,0.20067069546215116
54.0,5.0,3.0,51.0,56.0,7.0,51.1219512195122,Mid,0,Low,High,Very High,New,Senior,0.7731898882334818
22.0,11.0,1.0,33.0,93.0,10.0,86.0,Senior,1,Moderate,Medium,High,Mid,Young,0.6061358035703156
36.0,21.0,3.0,22.0,76.0,11.0,13.0,Senior,1,Low,Low,Moderate,Senior,Early Mid,0.4054651081081644
38.0,5.0,4.0,31.0,135.0,0.0,38.0,Junior,0,High,Medium,Low,New,Early Mid,0.0
40.0,3.0,3.0,70.0,178.0,10.0,79.0,Lead,0,Very High,High,Very High,New,Early Mid,1.252762968495368
40.0,21.0,5.0,38.0,103.0,11.0,78.0,Junior,1,Moderate,Medium,Moderate,Senior,Early Mid,0.4054651081081644
22.0,18.0,5.0,69.0,62.0,12.0,98.0,Mid,1,Low,High,Moderate,Senior,Young,0.4895482253187058
44.0,25.0,2.0,4.0,156.0,0.0,44.0,Senior,0,High,Low,Low,Veteran,Late Mid,0.0
37.0,2.0,5.0,2.0,96.0,14.0,45.0,Mid,0,Moderate,Low,Very High,New,Early Mid,1.7346010553881064
45.0,13.0,4.0,7.0,107.0,1.0,2.0,Senior,0,Moderate,Low,Low,Mid,Late Mid,0.06899287148695145
41.0,21.0,5.0,38.0,58.0,17.0,57.0,Senior,1,Low,Medium,High,Senior,Early Mid,0.5725191927713306
36.0,1.0,4.0,50.15503875968992,21.0,7.0,21.0,Mid,0,Very Low,Medium,Very High,New,Early Mid,1.5040773967762742
45.0,10.0,2.0,81.0,68.0,18.0,60.0,Lead,0,Low,Very High,Very High,Mid,Late Mid,0.9694005571881035
58.0,8.0,5.0,50.0,162.0,18.0,87.0,Junior,0,Very High,Medium,Very High,New,Senior,1.0986122886681096
53.0,8.0,4.0,29.0,176.0,6.0,46.0,Lead,0,Very High,Medium,High,New,Senior,0.5108256237659907
52.0,17.0,4.0,95.0,148.0,14.0,92.0,Junior,0,High,Very High,High,Senior,Senior,0.5753641449035618
36.0,19.0,4.0,50.15503875968992,10.0,10.0,37.0,Lead,1,Very Low,Medium,Moderate,Senior,Early Mid,0.4054651081081644
22.0,16.0,5.0,0.0,65.0,2.0,30.0,Senior,1,Low,Low,Low,Senior,Young,0.11122563511022437
56.0,29.0,3.0,85.0,191.0,13.0,54.0,Mid,1,Very High,Very High,Moderate,Veteran,Senior,0.36000273403140703
58.0,20.0,4.0,52.0,10.0,18.0,79.0,Junior,0,Very Low,High,High,Senior,Senior,0.6190392084062234
51.0,10.0,1.0,51.0,136.0,16.0,1.0,Mid,0,High,High,Very High,Mid,Senior,0.8979415932059586
47.0,8.0,5.0,47.0,103.0,10.0,75.0,Lead,0,Moderate,Medium,High,New,Late Mid,0.7472144018302211
32.0,27.0,2.0,33.0,3.0,11.0,88.0,Senior,1,Very Low,Medium,Moderate,Veteran,Young,0.3313571359544425
53.0,18.0,4.0,90.0,78.0,14.0,91.0,Lead,0,Low,Very High,High,Senior,Senior,0.5520685823000397
23.0,20.0,1.0,20.0,90.0,10.0,93.0,Mid,0,Moderate,Low,Moderate,Senior,Young,0.38946476676172326
31.0,2.0,2.9623059866962307,83.0,119.0,19.0,38.0,Junior,0,High,Very High,Very High,New,Young,1.992430164690206
43.0,1.0,2.0,57.0,120.0,12.0,11.0,Junior,1,High,High,Very High,New,Late Mid,1.9459101490553132
30.0,26.0,1.0,59.0,93.0,15.0,34.0,Mid,0,Moderate,High,Moderate,Veteran,Young,0.44183275227903923
51.0,23.0,1.0,67.0,71.0,11.0,4.0,Mid,1,Low,High,Moderate,Veteran,Senior,0.37729423114146804
41.0,2.0,3.0,58.0,118.0,4.0,5.0,Mid,0,High,High,Very High,New,Early Mid,0.8472978603872036
42.0,19.0,5.0,81.0,82.0,17.0,36.0,Senior,1,Low,Very High,High,Senior,Late Mid,0.6151856390902335
39.0,16.0,2.0,33.0,103.0,2.0,38.0,Junior,1,Moderate,Medium,Low,Senior,Early Mid,0.11122563511022437
41.0,20.0,4.0,72.0,49.0,15.0,76.0,Junior,0,Low,High,High,Senior,Early Mid,0.538996500732687
37.0,21.0,3.0,40.0,171.0,0.0,10.0,Lead,0,Very High,Medium,Low,Senior,Early Mid,0.0
56.0,23.0,4.0,36.0,30.0,19.0,46.0,Mid,0,Very Low,Medium,High,Veteran,Senior,0.5831462853456167
51.0,14.90033222591362,1.0,73.0,32.0,9.0,98.0,Senior,0,Very Low,High,Moderate,Mid,Senior,0.4485411420683795
24.0,28.0,2.0,38.0,137.0,4.0,95.0,Senior,1,High,Medium,Low,Veteran,Young,0.1292117314800062
53.0,14.90033222591362,3.0,52.0,76.0,14.0,8.0,Mid,0,Low,High,High,Mid,Senior,0.6315295878500379
47.0,22.0,3.0,36.0,191.0,18.0,30.0,Mid,0,Very High,Medium,High,Senior,Late Mid,0.5780778507751582
26.0,13.0,5.0,70.0,141.0,4.0,90.0,Lead,0,High,High,Low,Mid,Young,0.25131442828090605
49.0,24.0,2.0,69.0,16.0,7.0,46.0,Mid,1,Very Low,High,Low,Veteran,Late Mid,0.2468600779315258
29.0,23.0,5.0,18.0,103.0,8.0,75.0,Mid,0,Moderate,Low,Low,Veteran,Young,0.2876820724517809
57.0,6.0,5.0,73.0,32.0,1.0,45.0,Mid,0,Very Low,High,Low,New,Senior,0.13353139262452263
34.0,23.0,1.0,85.0,11.0,9.96234772978959,19.0,Junior,0,Very Low,Very High,Moderate,Veteran,Early Mid,0.347198660913854
41.0,14.90033222591362,4.0,63.0,118.0,9.96234772978959,20.0,Senior,1,High,High,Moderate,Mid,Early Mid,0.4864609974992319
39.0,18.0,4.0,62.0,63.0,4.0,19.0,Mid,1,Low,High,Low,Senior,Early Mid,0.19105523676270922
41.0,1.0,4.0,90.0,161.0,13.0,16.0,Junior,0,Very High,Very High,Very High,New,Early Mid,2.0149030205422647
54.0,6.0,2.0,86.0,57.0,6.0,45.0,Mid,1,Low,Very High,High,New,Senior,0.6190392084062234
42.0,15.0,4.0,17.0,94.0,17.0,15.0,Lead,0,Moderate,Low,High,Senior,Late Mid,0.723918839226699
45.0,0.0,5.0,49.0,95.0,6.0,90.0,Junior,1,Moderate,Medium,Very High,New,Late Mid,1.9459101490553132
49.0,21.0,4.0,45.0,125.0,19.0,44.0,Junior,1,High,Medium,High,Senior,Late Mid,0.622529613345992
26.0,13.0,2.0,65.0,65.0,2.0,76.0,Junior,1,Low,High,Low,Mid,Young,0.13353139262452263
45.0,13.0,2.0,73.0,6.0,16.0,92.0,Mid,1,Very Low,High,High,Mid,Late Mid,0.7621400520468967
35.0,22.0,2.0,25.0,103.0,8.0,56.0,Junior,1,Moderate,Low,Low,Senior,Early Mid,0.29849298855599654
57.0,14.90033222591362,5.0,52.0,170.0,16.0,85.0,Senior,1,Very High,High,High,Mid,Senior,0.696276420622567
57.0,21.0,3.0,95.0,1.0,13.0,36.0,Lead,1,Very Low,Very High,Moderate,Senior,Senior,0.46430560813109784
47.0,26.0,1.0,94.0,188.0,15.0,67.0,Junior,0,Very High,Very High,Moderate,Veteran,Late Mid,0.44183275227903923
42.0,5.0,4.0,96.0,145.0,18.0,63.0,Senior,0,High,Very High,Very High,New,Late Mid,1.3862943611198906
41.0,26.0,5.0,35.0,24.0,18.0,42.0,Lead,0,Very Low,Medium,High,Veteran,Early Mid,0.5108256237659907
55.0,12.0,1.0,10.0,38.0,6.0,24.0,Junior,0,Very Low,Low,Moderate,Mid,Senior,0.37948962170490375
35.0,22.0,3.0,96.0,157.0,18.0,78.0,Lead,1,High,Very High,High,Senior,Early Mid,0.5780778507751582
42.0,10.0,2.0,91.0,45.0,14.0,73.0,Senior,0,Low,Very High,Very High,Mid,Late Mid,0.8209805520698302
40.0,14.90033222591362,4.0,13.0,103.0,16.0,47.0,Senior,0,Moderate,Low,High,Mid,Early Mid,0.696276420622567
33.0,26.0,3.0,19.0,103.0,12.0,87.0,Lead,1,Moderate,Low,Moderate,Veteran,Early Mid,0.36772478012531734
57.0,28.0,5.0,39.0,187.0,15.0,51.0,Senior,0,Very High,Medium,Moderate,Veteran,Senior,0.41689380393178715
51.0,10.0,2.0,11.0,103.0,13.0,51.1219512195122,Mid,0,Moderate,Low,Very High,Mid,Senior,0.7801585575495751
54.0,1.0,5.0,32.0,134.0,4.0,36.0,Junior,0,High,Medium,Very High,New,Senior,1.0986122886681096
44.0,27.0,2.0,6.0,127.0,13.0,34.0,Lead,0,High,Low,Moderate,Veteran,Late Mid,0.3813675565291039
41.0,11.0,2.0,85.0,138.0,3.0,44.0,Senior,0,High,Very High,Low,Mid,Early Mid,0.22314355131420976
49.0,23.0,5.0,16.0,18.0,16.0,63.0,Mid,0,Very Low,Low,High,Veteran,Late Mid,0.5108256237659907
40.0,26.0,3.0,94.0,33.0,5.0,51.0,Lead,0,Very Low,Very High,Low,Veteran,Early Mid,0.16989903679539747
58.0,23.0,3.0,61.0,107.0,4.0,10.0,Junior,0,Moderate,High,Low,Veteran,Senior,0.1541506798272583
52.0,0.0,4.0,66.0,175.0,7.0,84.0,Lead,1,Very High,High,Very High,New,Senior,2.0794415416798357
38.0,17.0,1.0,56.0,33.0,4.0,69.0,Mid,0,Very Low,High,Low,Senior,Early Mid,0.20067069546215116
49.0,7.0,2.0,86.0,79.0,11.0,15.0,Senior,1,Low,Very High,Very High,New,Late Mid,0.8649974374866045
25.0,20.0,2.0,66.0,155.0,0.0,33.0,Junior,0,High,High,Low,Senior,Young,0.0
27.0,21.0,3.0,59.0,157.0,15.0,28.0,Junior,1,High,High,High,Senior,Young,0.5198754592859085
40.0,18.0,3.0,59.0,168.0,9.0,63.0,Junior,0,Very High,High,Moderate,Senior,Early Mid,0.38776553100876343
44.0,1.0,1.0,8.0,38.0,14.0,33.0,Mid,0,Very Low,Low,Very High,New,Late Mid,2.0794415416798357
27.0,16.0,5.0,46.0,64.0,7.0,92.0,Junior,0,Low,Medium,Moderate,Senior,Young,0.34484048629172953
45.0,14.90033222591362,2.9623059866962307,89.0,129.0,6.0,96.0,Lead,1,High,Very High,Moderate,Mid,Late Mid,0.320161803120989
43.0,18.0,5.0,88.0,41.0,8.0,67.0,Senior,0,Very Low,Very High,Moderate,Senior,Late Mid,0.3513978868378886
35.0,3.0,4.0,36.0,106.0,17.0,44.0,Senior,1,Moderate,Medium,Very High,New,Early Mid,1.6582280766035324
45.0,9.0,4.0,48.0,55.0,16.0,87.0,Junior,0,Low,Medium,Very High,Mid,Late Mid,0.9555114450274365
46.0,10.0,5.0,6.0,105.0,5.0,59.0,Lead,0,Moderate,Low,Moderate,Mid,Late Mid,0.3746934494414107
38.0,13.0,5.0,15.0,40.0,19.0,22.0,Mid,0,Very Low,Low,Very High,Mid,Early Mid,0.8574502318512216
56.0,13.0,5.0,56.0,180.0,10.0,4.0,Junior,0,Very High,High,High,Mid,Senior,0.538996500732687
41.0,25.0,1.0,69.0,184.0,6.0,96.0,Mid,0,Very High,High,Low,Veteran,Early Mid,0.20763936477824452
49.0,10.0,4.0,39.0,108.0,7.0,21.0,Mid,0,Moderate,Medium,Moderate,Mid,Late Mid,0.4924764850977942
23.0,24.0,1.0,50.15503875968992,13.0,9.0,62.0,Mid,0,Very Low,Medium,Moderate,Veteran,Young,0.3074846997479606
55.0,10.0,4.0,50.15503875968992,9.0,9.96234772978959,21.0,Mid,0,Very Low,Medium,High,Mid,Senior,0.6448325903908635
22.0,3.0,2.0,26.0,38.0,5.0,99.0,Lead,0,Very Low,Low,Very High,New,Young,0.8109302162163288
24.0,25.0,2.0,74.0,1.0,6.0,43.0,Lead,0,Very Low,Very High,Low,Veteran,Young,0.20763936477824452
43.0,24.0,3.0,16.0,169.0,10.0,44.0,Mid,0,Very High,Low,Moderate,Veteran,Late Mid,0.33647223662121295
36.0,9.0,4.0,39.0,164.0,19.0,88.0,Lead,0,Very High,Medium,Very High,Mid,Early Mid,1.0647107369924282
57.0,13.0,5.0,46.0,74.0,7.0,14.0,Mid,0,Low,Medium,Moderate,Mid,Senior,0.4054651081081644
33.0,17.0,3.0,31.0,36.0,8.0,3.0,Lead,1,Very Low,Medium,Moderate,Senior,Early Mid,0.36772478012531734
58.0,16.0,2.0,62.0,83.0,12.0,24.0,Mid,0,Low,High,High,Senior,Senior,0.534082485930258
28.0,5.0,2.0,94.0,119.0,4.0,42.0,Junior,0,High,Very High,High,New,Young,0.5108256237659907
52.0,4.0,1.0,29.0,139.0,13.0,77.0,Lead,0,High,Medium,Very High,New,Senior,1.2809338454620645
26.0,18.0,2.0,17.0,198.0,9.96234772978959,81.0,Junior,0,Very High,Low,Moderate,Senior,Young,0.4215576530828373
48.0,5.0,1.0,2.0,133.0,17.0,74.0,Mid,0,High,Low,Very High,New,Late Mid,1.3437347467010947
46.0,10.0,1.0,48.0,109.0,1.0,30.0,Senior,0,Moderate,Medium,Low,Mid,Late Mid,0.08701137698962977
38.0,11.0,1.0,71.0,117.0,2.0,51.1219512195122,Lead,0,Moderate,High,Low,Mid,Early Mid,0.1541506798272583
49.0,2.0,2.9623059866962307,54.0,198.0,15.0,78.0,Senior,0,Very High,High,Very High,New,Late Mid,1.791759469228055
48.0,14.0,4.0,29.0,159.0,9.0,51.1219512195122,Lead,0,High,Medium,Moderate,Mid,Late Mid,0.4700036292457356
41.0,23.0,5.0,50.15503875968992,177.0,12.0,64.0,Senior,0,Very High,Medium,Moderate,Veteran,Early Mid,0.4054651081081644
50.0,3.0,5.0,15.0,163.0,15.0,83.0,Mid,0,Very High,Low,Very High,New,Senior,1.55814461804655
48.0,21.0,1.0,19.0,27.0,14.0,2.0,Mid,0,Very Low,Low,Moderate,Senior,Late Mid,0.4924764850977942
38.0,12.0,4.0,21.0,182.0,0.0,59.0,Lead,1,Very High,Low,Low,Mid,Early Mid,0.0
59.0,13.0,3.0,73.0,131.0,6.0,91.0,Mid,0,High,High,Moderate,Mid,Senior,0.35667494393873234
37.0,13.0,2.0,21.0,177.0,10.0,87.0,Mid,0,Very High,Low,High,Mid,Early Mid,0.538996500732687
30.0,5.0,2.0,37.0,139.0,14.0,12.0,Junior,1,High,Medium,Very High,New,Young,1.2039728043259361
53.0,10.0,5.0,36.0,145.0,10.0,52.0,Junior,0,High,Medium,High,Mid,Senior,0.6466271649250525
22.0,29.0,1.0,84.0,50.0,2.0,95.0,Senior,1,Low,Very High,Low,Veteran,Young,0.06453852113757116
30.0,22.0,4.0,71.0,73.0,10.0,73.0,Senior,0,Low,High,Moderate,Senior,Young,0.36101334553733055
28.0,2.0,2.9623059866962307,2.0,107.0,9.96234772978959,94.0,Mid,1,Moderate,Low,Very High,New,Young,1.463436537839916
58.0,8.0,2.0,91.0,60.0,14.0,56.0,Lead,1,Low,Very High,Very High,New,Senior,0.9382696385929303
58.0,6.0,4.0,42.0,35.0,9.96234772978959,76.0,Mid,0,Very Low,Medium,Very High,New,Senior,0.8850858991922552
25.0,3.0,2.9623059866962307,58.0,61.0,10.0,20.0,Senior,1,Low,High,Very High,New,Young,1.252762968495368
58.0,11.0,4.0,68.0,137.0,7.0,89.0,Mid,1,High,High,Moderate,Mid,Senior,0.4595323293784402
31.0,24.0,4.0,94.0,61.0,8.0,55.0,Junior,1,Low,Very High,Low,Veteran,Young,0.2776317365982795
31.0,14.0,5.0,83.0,107.0,8.0,79.0,Lead,0,Moderate,Very High,Moderate,Mid,Young,0.4274440148269396
56.0,29.0,2.0,7.0,29.0,9.96234772978959,55.0,Lead,0,Very Low,Low,Low,Veteran,Senior,0.2867403223891029
29.0,26.0,1.0,85.0,59.0,16.0,20.0,Senior,0,Low,Very High,Moderate,Veteran,Young,0.4653632496892333
44.0,17.0,1.0,56.0,80.0,18.0,51.1219512195122,Lead,0,Low,High,High,Senior,Late Mid,0.6931471805599453
28.0,7.0,2.9623059866962307,39.0,21.0,14.0,51.1219512195122,Senior,0,Very Low,Medium,Very High,New,Young,1.0116009116784799
23.0,26.0,2.0,25.0,100.0,2.0,26.0,Junior,0,Moderate,Low,Low,Veteran,Young,0.07145896398214495
59.0,14.0,5.0,51.0,103.0,11.0,68.0,Mid,0,Moderate,High,High,Mid,Senior,0.550046336919272
41.0,14.90033222591362,1.0,77.0,32.0,15.0,38.0,Senior,1,Very Low,Very High,High,Mid,Early Mid,0.6644269317741484
52.0,16.0,2.0,12.0,31.0,3.0,70.0,Mid,0,Very Low,Low,Low,Senior,Senior,0.1625189294977749
51.0,26.0,2.0,74.0,79.0,7.0,36.0,Lead,0,Low,Very High,Low,Veteran,Senior,0.2305236586118323
46.0,18.0,5.0,50.15503875968992,25.0,9.96234772978959,70.0,Junior,0,Very Low,Medium,Moderate,Senior,Late Mid,0.4215576530828373
31.0,0.0,2.9623059866962307,76.0,142.0,4.0,35.0,Lead,1,High,Very High,Very High,New,Young,1.6094379124341003
38.0,20.0,2.0,18.0,94.0,6.0,55.0,Mid,0,Moderate,Low,Low,Senior,Early Mid,0.25131442828090605
30.0,20.0,4.0,62.0,164.0,9.0,18.0,Senior,0,Very High,High,Moderate,Senior,Young,0.35667494393873234
53.0,23.0,1.0,13.0,73.0,18.0,23.0,Junior,0,Low,Low,High,Veteran,Senior,0.5596157879354227
45.0,22.0,3.0,77.0,112.0,12.0,19.0,Mid,0,Moderate,Very High,Moderate,Senior,Late Mid,0.41985384556026395
37.0,7.0,5.0,6.0,166.0,18.0,90.0,Junior,0,Very High,Low,Very High,New,Early Mid,1.1786549963416462
33.0,13.0,4.0,60.0,62.0,18.0,5.0,Junior,0,Low,High,Very High,Mid,Early Mid,0.8266785731844679
56.0,6.0,2.0,62.0,54.0,5.0,51.1219512195122,Senior,0,Low,High,High,New,Senior,0.538996500732687
38.0,23.0,3.0,78.0,163.0,1.0,87.0,Lead,0,Very High,Very High,Low,Veteran,Early Mid,0.040821994520255124
50.0,29.0,2.0,29.0,87.0,18.0,56.0,Lead,0,Moderate,Medium,Moderate,Veteran,Senior,0.4700036292457356
57.0,8.0,3.0,80.0,198.0,9.96234772978959,85.0,Lead,0,Very High,Very High,High,New,Senior,0.7452307372357663
56.0,27.0,5.0,81.0,87.0,17.0,74.0,Mid,0,Moderate,Very High,Moderate,Veteran,Senior,0.4744579795951158
25.0,10.0,5.0,31.0,19.0,9.0,85.0,Mid,0,Very Low,Medium,High,Mid,Young,0.5978370007556205
28.0,2.0,2.9623059866962307,18.0,4.0,10.0,97.0,Mid,0,Very Low,Low,Very High,New,Young,1.4663370687934272
40.0,14.0,1.0,57.0,132.0,3.0,98.0,Junior,1,High,High,Low,Mid,Early Mid,0.18232155679395462
41.0,20.0,2.0,89.0,180.0,12.0,32.0,Mid,1,Very High,Very High,Moderate,Senior,Early Mid,0.4519851237430572
43.0,19.0,3.0,80.0,79.0,13.0,82.0,Junior,1,Low,Very High,High,Senior,Late Mid,0.5007752879124893
42.0,27.0,4.0,91.0,176.0,10.0,86.0,Junior,0,Very High,Very High,Low,Veteran,Late Mid,0.30538164955118186
26.0,4.0,1.0,84.0,147.0,17.0,13.0,Senior,1,High,Very High,Very High,New,Young,1.4816045409242156
53.0,4.0,3.0,36.0,23.0,4.0,1.0,Lead,0,Very Low,Medium,High,New,Senior,0.5877866649021191
22.0,15.0,1.0,30.0,107.0,6.0,71.0,Junior,1,Moderate,Medium,Moderate,Senior,Young,0.3184537311185346
49.0,22.0,5.0,27.0,4.0,6.0,92.0,Mid,1,Very Low,Low,Low,Senior,Late Mid,0.23180161405732433
58.0,29.0,1.0,40.0,136.0,10.0,79.0,Lead,0,High,Medium,Low,Veteran,Senior,0.2876820724517809
41.0,5.0,5.0,39.0,176.0,18.0,87.0,Mid,0,Very High,Medium,Very High,New,Early Mid,1.3862943611198906
39.0,29.0,4.0,75.0,54.0,16.0,5.0,Senior,1,Low,Very High,Moderate,Veteran,Early Mid,0.4274440148269396
26.0,6.0,1.0,69.0,18.0,18.0,21.0,Junior,1,Very Low,High,Very High,New,Young,1.2729656758128876
52.0,14.0,4.0,64.0,162.0,2.0,27.0,Junior,0,Very High,High,Low,Mid,Senior,0.12516314295400602
23.0,29.0,2.0,44.0,186.0,9.96234772978959,20.0,Senior,0,Very High,Medium,Low,Veteran,Young,0.2867403223891029
23.0,17.0,1.0,75.0,91.0,14.0,8.0,Mid,1,Moderate,Very High,High,Senior,Young,0.5753641449035618
39.0,8.0,3.0,82.0,23.0,7.0,51.1219512195122,Lead,0,Very Low,Very High,High,New,Early Mid,0.5753641449035618
56.0,13.0,2.0,67.0,160.0,9.96234772978959,99.0,Mid,0,High,High,High,Mid,Senior,0.5374264242152746
46.0,14.0,1.0,7.0,147.0,10.0,92.0,Lead,0,High,Low,High,Mid,Late Mid,0.5108256237659907
37.0,2.0,2.0,6.0,90.0,15.0,49.0,Junior,1,Moderate,Low,Very High,New,Early Mid,1.791759469228055
41.0,21.0,2.9623059866962307,8.0,20.0,17.0,72.0,Senior,0,Very Low,Low,High,Senior,Early Mid,0.5725191927713306
25.0,18.0,5.0,79.0,88.0,4.0,19.0,Senior,0,Moderate,Very High,Low,Senior,Young,0.19105523676270922
53.0,6.0,1.0,23.0,120.0,9.0,43.0,Lead,0,High,Low,Very High,New,Senior,0.8266785731844679
41.0,10.0,3.0,52.0,40.0,2.0,4.0,Mid,0,Very Low,High,Low,Mid,Early Mid,0.1670540846631662
36.0,1.0,4.0,26.0,90.0,10.0,61.0,Junior,1,Moderate,Low,Very High,New,Early Mid,1.791759469228055
39.0,0.0,1.0,74.0,137.0,7.0,22.0,Mid,0,High,Very High,Very High,New,Early Mid,2.0794415416798357
41.0,5.0,5.0,74.0,188.0,19.0,41.0,Junior,0,Very High,Very High,Very High,New,Early Mid,1.4271163556401456
24.0,29.0,2.0,27.0,128.0,2.0,66.0,Mid,1,High,Low,Low,Veteran,Young,0.06453852113757116
41.0,2.0,1.0,93.0,174.0,17.0,10.0,Senior,0,Very High,Very High,Very High,New,Early Mid,1.8971199848858813
50.0,13.0,3.0,87.0,190.0,12.0,12.0,Senior,0,Very High,Very High,High,Mid,Senior,0.6190392084062234
29.0,18.0,4.0,40.0,145.0,17.0,74.0,Mid,1,High,Medium,High,Senior,Young,0.6390799592896695
22.0,14.90033222591362,5.0,89.0,3.0,6.0,6.0,Lead,0,Very Low,Very High,Moderate,Mid,Young,0.320161803120989
42.0,20.0,1.0,18.0,103.0,17.0,33.0,Senior,0,Moderate,Low,High,Senior,Late Mid,0.5930637220029628
23.0,10.0,2.9623059866962307,14.0,146.0,10.0,44.0,Junior,1,High,Low,High,Mid,Young,0.6466271649250525
55.0,23.0,1.0,11.0,172.0,8.0,41.0,Junior,0,Very High,Low,Low,Veteran,Senior,0.2876820724517809
42.0,22.0,1.0,90.0,79.0,3.0,53.0,Lead,0,Low,Very High,Low,Senior,Late Mid,0.12260232209233235
54.0,23.0,2.0,29.0,105.0,14.0,87.0,Lead,0,Moderate,Medium,Moderate,Veteran,Senior,0.4595323293784402
28.0,26.0,1.0,8.0,133.0,9.96234772978959,22.0,Senior,0,High,Low,Moderate,Veteran,Young,0.31406289957943245
36.0,3.0,2.0,50.15503875968992,3.0,8.0,4.0,Mid,1,Very Low,Medium,Very High,New,Early Mid,1.0986122886681096
30.0,4.0,5.0,30.0,1.0,13.0,62.0,Junior,1,Very Low,Medium,Very High,New,Young,1.2809338454620645
51.0,11.0,5.0,23.0,190.0,13.0,70.0,Junior,0,Very High,Low,High,Mid,Senior,0.7339691750802004
38.0,14.0,1.0,85.0,12.0,13.0,97.0,Senior,0,Very Low,Very High,High,Mid,Early Mid,0.6241543090729939
59.0,0.0,2.0,61.0,131.0,10.0,97.0,Junior,0,High,High,Very High,New,Senior,2.3978952727983707
42.0,25.0,2.0,80.0,12.0,6.0,51.0,Junior,1,Very Low,Very High,Low,Veteran,Late Mid,0.20763936477824452
58.0,23.0,5.0,98.0,104.0,13.0,11.0,Mid,0,Moderate,Very High,Moderate,Veteran,Senior,0.4328640822962788
38.0,19.0,5.0,90.0,115.0,9.96234772978959,12.0,Junior,0,Moderate,Very High,Moderate,Senior,Early Mid,0.40420924416738513
38.0,8.0,4.0,24.0,143.0,7.0,64.0,Junior,0,High,Low,High,New,Early Mid,0.5753641449035618
32.0,14.90033222591362,5.0,97.0,80.0,5.0,76.0,Senior,1,Low,Very High,Low,Mid,Young,0.273425051101711
22.0,19.0,1.0,87.0,155.0,6.0,36.0,Senior,0,High,Very High,Low,Senior,Young,0.26236426446749106
41.0,25.0,1.0,41.0,110.0,12.0,51.1219512195122,Senior,0,Moderate,Medium,Moderate,Veteran,Early Mid,0.37948962170490375
46.0,16.0,5.0,14.0,103.0,19.0,50.0,Senior,0,Moderate,Low,High,Senior,Late Mid,0.750305594399894
37.0,26.0,2.0,29.0,57.0,11.0,67.0,Senior,1,Low,Medium,Moderate,Veteran,Early Mid,0.34174929372205665
41.0,3.0,1.0,74.0,162.0,10.0,78.0,Lead,0,Very High,Very High,Very High,New,Early Mid,1.252762968495368
53.0,2.0,5.0,9.0,23.0,18.0,73.0,Senior,0,Very Low,Low,Very High,New,Senior,1.9459101490553132
46.0,15.0,4.0,55.0,45.0,1.0,59.0,Senior,1,Low,High,Low,Senior,Late Mid,0.06062462181643484
34.0,8.0,3.0,91.0,83.0,0.0,83.0,Senior,0,Low,Very High,Low,New,Early Mid,0.0
37.0,28.0,3.0,70.0,171.0,6.0,79.0,Junior,0,Very High,High,Low,Veteran,Early Mid,0.18805223150293965
41.0,16.0,4.0,2.0,191.0,12.0,99.0,Junior,0,Very High,Low,High,Senior,Early Mid,0.534082485930258
49.0,21.0,5.0,82.0,142.0,5.0,88.0,Junior,0,High,Very High,Low,Senior,Late Mid,0.20479441264601322
41.0,6.0,1.0,78.0,31.0,17.0,86.0,Mid,0,Very Low,Very High,Very High,New,Early Mid,1.2321436812926323
52.0,15.0,5.0,76.0,89.0,19.0,23.0,Mid,0,Moderate,Very High,Very High,Senior,Senior,0.7827593392496325
49.0,12.0,5.0,95.0,53.0,5.0,46.0,Junior,0,Low,Very High,Moderate,Mid,Late Mid,0.325422400434628
50.0,17.0,3.0,50.0,197.0,0.0,45.0,Mid,0,Very High,Medium,Low,Senior,Senior,0.0
55.0,7.0,4.0,54.0,103.0,14.0,10.0,Mid,1,Moderate,High,Very High,New,Senior,1.0116009116784799
58.0,1.0,3.0,0.0,18.0,12.0,64.0,Junior,1,Very Low,Low,Very High,New,Senior,1.9459101490553132
26.0,13.0,3.0,6.0,22.0,9.0,70.0,Junior,0,Very Low,Low,High,Mid,Young,0.4964368863138911
41.0,19.0,5.0,7.0,124.0,1.0,15.0,Mid,1,High,Low,Low,Senior,Early Mid,0.04879016416943201
58.0,10.0,2.9623059866962307,0.0,57.0,13.0,52.0,Mid,1,Low,Low,Very High,Mid,Senior,0.7801585575495751
52.0,18.0,1.0,65.0,148.0,15.0,62.0,Junior,0,High,High,High,Senior,Senior,0.581921545449721
54.0,8.0,2.0,93.0,60.0,6.0,15.0,Junior,1,Low,Very High,High,New,Senior,0.5108256237659907
53.0,28.0,2.0,66.0,26.0,11.0,51.1219512195122,Lead,1,Very Low,High,Moderate,Veteran,Senior,0.3215836241274623
38.0,14.90033222591362,2.0,58.0,5.0,16.0,4.0,Mid,0,Very Low,High,High,Mid,Early Mid,0.696276420622567
44.0,26.0,5.0,11.0,145.0,7.0,18.0,Mid,0,High,Low,Low,Veteran,Late Mid,0.2305236586118323
58.0,1.0,1.0,30.0,186.0,0.0,35.0,Mid,0,Very High,Medium,Low,New,Senior,0.0
38.0,7.0,2.0,99.0,161.0,1.0,75.0,Mid,1,Very High,Very High,Low,New,Early Mid,0.11778303565638346
39.0,23.0,1.0,50.0,156.0,0.0,76.0,Mid,0,High,Medium,Low,Veteran,Early Mid,0.0
35.0,24.0,3.0,68.0,120.0,17.0,34.0,Junior,0,High,High,High,Veteran,Early Mid,0.5187937934151676
37.0,6.0,2.0,17.0,86.0,9.0,28.0,Mid,0,Low,Low,Very High,New,Early Mid,0.8266785731844679
45.0,24.0,3.0,86.0,103.0,19.0,40.0,Senior,1,Moderate,Very High,High,Veteran,Late Mid,0.5653138090500605
41.0,3.0,1.0,6.0,128.0,17.0,68.0,Mid,0,High,Low,Very High,New,Early Mid,1.6582280766035324
42.0,22.0,4.0,14.0,64.0,10.0,42.0,Junior,1,Low,Low,Moderate,Senior,Late Mid,0.36101334553733055
40.0,3.0,4.0,86.0,198.0,9.96234772978959,3.0,Senior,0,Very High,Very High,Very High,New,Early Mid,1.2500698975607842
37.0,27.0,3.0,23.0,164.0,17.0,17.0,Mid,0,Very High,Low,Moderate,Veteran,Early Mid,0.4744579795951158
49.0,15.0,5.0,32.0,100.0,14.0,23.0,Senior,0,Moderate,Medium,High,Senior,Late Mid,0.6286086594223741
26.0,24.0,4.0,47.0,170.0,12.0,54.0,Senior,0,Very High,Medium,Moderate,Veteran,Young,0.3920420877760237
29.0,3.0,5.0,93.0,191.0,1.0,68.0,Senior,0,Very High,Very High,Low,New,Young,0.22314355131420976
36.0,8.0,4.0,97.0,93.0,17.0,7.0,Lead,0,Moderate,Very High,Very High,New,Early Mid,1.0608719606852626
30.0,2.0,3.0,8.0,98.0,16.0,13.0,Lead,0,Moderate,Low,Very High,New,Young,1.8458266904983307
39.0,14.90033222591362,3.0,41.0,67.0,17.0,87.0,Senior,0,Low,Medium,High,Mid,Early Mid,0.7271427520529841
41.0,22.0,2.0,30.0,132.0,11.0,46.0,Junior,1,High,Medium,Moderate,Senior,Early Mid,0.3908663086870117
57.0,9.0,3.0,63.0,16.0,8.0,88.0,Mid,1,Very Low,High,High,Mid,Senior,0.5877866649021191
47.0,3.0,3.0,62.0,177.0,15.0,8.0,Lead,0,Very High,High,Very High,New,Late Mid,1.55814461804655
23.0,8.0,2.0,0.0,23.0,12.0,64.0,Senior,1,Very Low,Low,Very High,New,Young,0.8472978603872036
59.0,29.0,4.0,96.0,128.0,11.0,61.0,Lead,0,High,Very High,Moderate,Veteran,Senior,0.3123746850421524
27.0,0.0,3.0,32.0,138.0,5.0,50.0,Lead,0,High,Medium,Very High,New,Young,1.791759469228055
24.0,0.0,3.0,50.15503875968992,108.0,0.0,26.0,Lead,0,Moderate,Medium,Low,New,Young,0.0
42.0,8.0,5.0,90.0,37.0,9.96234772978959,44.0,Lead,0,Very Low,Very High,High,New,Late Mid,0.7452307372357663
44.0,26.0,1.0,8.0,55.0,9.96234772978959,51.0,Senior,1,Low,Low,Moderate,Veteran,Late Mid,0.31406289957943245
47.0,2.0,3.0,4.0,95.0,0.0,51.1219512195122,Junior,0,Moderate,Low,Low,New,Late Mid,0.0
43.0,10.0,1.0,53.0,130.0,8.0,0.0,Mid,0,High,High,High,Mid,Late Mid,0.5465437063680699
41.0,18.0,4.0,10.0,147.0,8.0,15.0,Mid,1,High,Low,Moderate,Senior,Early Mid,0.3513978868378886
51.0,0.0,2.0,57.0,3.0,19.0,94.0,Mid,1,Very Low,High,Very High,New,Senior,2.995732273553991
53.0,5.0,4.0,30.0,77.0,16.0,37.0,Mid,1,Low,Medium,Very High,New,Senior,1.2992829841302609
23.0,25.0,5.0,42.0,121.0,17.0,11.0,Lead,0,High,Medium,High,Veteran,Young,0.5031035776720804
59.0,13.0,3.0,32.0,198.0,12.0,59.0,Lead,1,Very High,Medium,High,Mid,Senior,0.6190392084062234
51.0,17.0,4.0,28.0,160.0,9.0,57.0,Lead,0,High,Medium,Moderate,Senior,Senior,0.4054651081081644
41.0,10.0,2.0,2.0,185.0,11.0,32.0,Lead,0,Very High,Low,High,Mid,Early Mid,0.6931471805599453
48.0,19.0,1.0,55.0,187.0,16.0,61.0,Senior,0,Very High,High,High,Senior,Late Mid,0.5877866649021191
33.0,17.0,4.0,52.0,172.0,7.0,94.0,Junior,1,Very High,High,Moderate,Senior,Early Mid,0.32850406697203605
44.0,23.0,5.0,89.0,131.0,17.0,51.1219512195122,Mid,0,High,Very High,High,Veteran,Late Mid,0.5355182363563622
36.0,19.0,2.9623059866962307,64.0,112.0,8.0,4.0,Senior,0,Moderate,High,Moderate,Senior,Early Mid,0.33647223662121295
56.0,19.0,3.0,14.0,44.0,0.0,74.0,Lead,0,Low,Low,Low,Senior,Senior,0.0
24.0,19.0,5.0,3.0,16.0,6.0,51.0,Mid,1,Very Low,Low,Low,Senior,Young,0.26236426446749106
26.0,21.0,1.0,50.15503875968992,113.0,19.0,39.0,Senior,0,Moderate,Medium,High,Senior,Young,0.622529613345992
31.0,17.0,1.0,32.0,23.0,7.0,76.0,Senior,0,Very Low,Medium,Moderate,Senior,Young,0.32850406697203605
43.0,28.0,1.0,80.0,150.0,13.0,19.0,Junior,0,High,Very High,Moderate,Veteran,Late Mid,0.37037378829689427
41.0,28.0,4.0,22.0,156.0,11.0,89.0,Mid,0,High,Low,Moderate,Veteran,Early Mid,0.3215836241274623
59.0,8.0,2.0,50.15503875968992,190.0,16.0,49.0,Mid,0,Very High,Medium,Very High,New,Senior,1.0216512475319814
41.0,21.0,2.0,92.0,80.0,14.0,96.0,Senior,1,Low,Very High,Moderate,Senior,Early Mid,0.4924764850977942
23.0,14.0,4.0,78.0,58.0,11.0,51.1219512195122,Senior,1,Low,Very High,High,Mid,Young,0.550046336919272
46.0,15.0,1.0,84.0,182.0,18.0,28.0,Lead,0,Very High,Very High,High,Senior,Late Mid,0.7537718023763802
59.0,14.90033222591362,2.9623059866962307,46.0,64.0,7.0,34.0,Mid,0,Low,Medium,Moderate,Mid,Senior,0.3648114144173332
51.0,21.0,2.0,61.0,65.0,17.0,82.0,Senior,1,Low,High,High,Senior,Senior,0.5725191927713306
27.0,11.0,4.0,61.0,182.0,12.0,68.0,Senior,0,Very High,High,High,Mid,Young,0.6931471805599453
36.0,14.0,2.9623059866962307,88.0,175.0,6.0,4.0,Senior,0,Very High,Very High,Moderate,Mid,Early Mid,0.33647223662121295
42.0,21.0,4.0,80.0,83.0,10.0,85.0,Mid,1,Low,Very High,Moderate,Senior,Late Mid,0.3746934494414107
41.0,29.0,1.0,12.0,134.0,5.0,4.0,Junior,1,High,Low,Low,Veteran,Early Mid,0.1541506798272583
34.0,10.0,1.0,71.0,50.0,4.0,51.1219512195122,Mid,0,Low,High,Moderate,Mid,Early Mid,0.3101549283038395
32.0,0.0,1.0,50.15503875968992,187.0,8.0,15.0,Lead,1,Very High,Medium,Very High,New,Young,2.1972245773362196
25.0,20.0,1.0,34.0,93.0,15.0,60.0,Senior,0,Moderate,Medium,High,Senior,Young,0.538996500732687
35.0,14.0,3.0,25.0,23.0,14.0,11.0,Mid,0,Very Low,Low,High,Mid,Early Mid,0.659245628884264
33.0,7.0,4.0,3.0,56.0,13.0,95.0,Mid,0,Low,Low,Very High,New,Early Mid,0.965080896043587
35.0,9.0,2.9623059866962307,43.0,103.0,10.0,88.0,Mid,1,Moderate,Medium,High,Mid,Early Mid,0.6931471805599453
46.0,14.90033222591362,2.0,40.0,133.0,14.0,50.0,Senior,0,High,Medium,High,Mid,Late Mid,0.6315295878500379
40.0,27.0,4.0,60.0,135.0,13.0,44.0,Junior,0,High,High,Moderate,Veteran,Early Mid,0.3813675565291039
39.0,20.0,2.0,54.0,38.0,1.0,88.0,Mid,0,Very Low,High,Low,Senior,Early Mid,0.04652001563489285
33.0,5.0,3.0,1.0,59.0,12.0,6.0,Senior,0,Low,Low,Very High,New,Early Mid,1.0986122886681096
24.0,14.90033222591362,5.0,61.0,14.0,14.0,40.0,Junior,0,Very Low,High,High,Mid,Young,0.6315295878500379
58.0,11.0,2.0,48.0,110.0,1.0,25.0,Senior,1,Moderate,Medium,Low,Mid,Senior,0.08004270767353643
30.0,25.0,4.0,73.0,199.0,5.0,52.0,Lead,0,Very High,High,Low,Veteran,Young,0.17589066646366422
50.0,6.0,4.0,64.0,115.0,10.0,91.0,Senior,0,Moderate,High,Very High,New,Senior,0.8873031950009028
49.0,19.0,2.0,27.0,138.0,19.0,49.0,Junior,0,High,Low,High,Senior,Late Mid,0.6678293725756554
43.0,14.0,4.0,93.0,46.0,16.0,67.0,Junior,1,Low,Very High,High,Mid,Late Mid,0.7259370033829362
22.0,4.0,5.0,47.0,25.0,8.0,53.0,Senior,1,Very Low,Medium,Very High,New,Young,0.9555114450274365
33.0,2.0,5.0,15.0,78.0,11.0,93.0,Senior,0,Low,Low,Very High,New,Early Mid,1.5404450409471488
25.0,7.0,3.0,13.0,64.0,13.0,99.0,Lead,0,Low,Low,Very High,New,Young,0.965080896043587
41.0,12.0,1.0,50.0,13.0,15.0,31.0,Mid,0,Very Low,Medium,High,Mid,Early Mid,0.7672551527136672
24.0,27.0,5.0,78.0,117.0,15.0,50.0,Junior,0,Moderate,Very High,Moderate,Veteran,Young,0.42899560551835847
27.0,26.0,2.0,50.15503875968992,110.0,15.0,93.0,Lead,1,Moderate,Medium,Moderate,Veteran,Young,0.44183275227903923
22.0,28.0,4.0,23.0,152.0,5.0,9.0,Junior,0,High,Low,Low,Veteran,Young,0.15906469462968736
38.0,17.0,2.9623059866962307,28.0,177.0,2.0,61.0,Lead,0,Very High,Medium,Low,Senior,Early Mid,0.1053605156578263
24.0,28.0,1.0,97.0,37.0,16.0,65.0,Mid,0,Very Low,Very High,Moderate,Veteran,Young,0.4393666597838457
41.0,23.0,1.0,67.0,103.0,2.0,17.0,Mid,0,Moderate,High,Low,Veteran,Early Mid,0.08004270767353643
39.0,17.0,1.0,91.0,86.0,13.0,99.0,Lead,0,Low,Very High,High,Senior,Early Mid,0.5436154465889815
54.0,18.0,5.0,29.0,10.0,9.0,75.0,Lead,0,Very Low,Medium,Moderate,Senior,Senior,0.38776553100876343
47.0,16.0,4.0,84.0,71.0,19.0,37.0,Senior,1,Low,Very High,High,Senior,Late Mid,0.750305594399894
43.0,7.0,1.0,70.0,133.0,10.0,56.0,Mid,1,High,High,Very High,New,Late Mid,0.8109302162163288
22.0,20.0,1.0,59.0,134.0,5.0,1.0,Junior,0,High,High,Low,Senior,Young,0.21357410029805904
40.0,3.0,3.0,49.0,123.0,1.0,50.0,Lead,0,High,Medium,Low,New,Early Mid,0.22314355131420976
27.0,5.0,4.0,38.0,14.0,9.0,40.0,Lead,1,Very Low,Medium,Very High,New,Young,0.9162907318741551
47.0,28.0,5.0,50.0,103.0,16.0,6.0,Junior,0,Moderate,Medium,Moderate,Veteran,Late Mid,0.4393666597838457
42.0,21.0,4.0,94.0,103.0,1.0,82.0,Mid,0,Moderate,Very High,Low,Senior,Late Mid,0.04445176257083384
26.0,15.0,5.0,15.0,143.0,0.0,15.0,Lead,1,High,Low,Low,Senior,Young,0.0
39.0,4.0,1.0,92.0,72.0,7.0,40.0,Mid,0,Low,Very High,Very High,New,Early Mid,0.8754687373538999
36.0,9.0,4.0,95.0,139.0,13.0,12.0,Lead,1,High,Very High,Very High,Mid,Early Mid,0.832909122935104
41.0,9.0,5.0,13.0,13.0,4.0,38.0,Mid,0,Very Low,Low,Moderate,Mid,Early Mid,0.33647223662121295
49.0,27.0,4.0,56.0,176.0,4.0,93.0,Mid,0,Very High,High,Low,Veteran,Late Mid,0.13353139262452263
58.0,10.0,2.0,77.0,69.0,7.0,13.0,Mid,0,Low,Very High,Moderate,Mid,Senior,0.4924764850977942
30.0,7.0,4.0,48.0,19.0,11.0,86.0,Mid,0,Very Low,Medium,Very High,New,Young,0.8649974374866045
47.0,26.0,3.0,30.0,28.0,16.0,75.0,Senior,1,Very Low,Medium,Moderate,Veteran,Late Mid,0.4653632496892333
41.0,4.0,3.0,67.0,97.0,1.0,21.0,Junior,0,Moderate,High,Low,New,Early Mid,0.18232155679395462
28.0,9.0,5.0,75.0,139.0,10.0,6.0,Senior,0,High,Very High,High,Mid,Young,0.6931471805599453
30.0,10.0,3.0,43.0,129.0,5.0,68.0,Lead,1,High,Medium,Moderate,Mid,Young,0.3746934494414107
54.0,24.0,2.9623059866962307,46.0,139.0,16.0,62.0,Junior,1,High,Medium,High,Veteran,Senior,0.49469624183610705
43.0,9.0,1.0,44.0,185.0,8.0,65.0,Mid,0,Very High,Medium,High,Mid,Late Mid,0.5877866649021191
22.0,26.0,2.9623059866962307,51.0,154.0,0.0,74.0,Senior,0,High,High,Low,Veteran,Young,0.0
29.0,17.0,4.0,94.0,175.0,2.0,51.1219512195122,Senior,0,Very High,Very High,Low,Senior,Young,0.1053605156578263
55.0,2.0,4.0,64.0,147.0,14.0,87.0,Junior,1,High,High,Very High,New,Senior,1.7346010553881064
46.0,1.0,2.0,29.0,98.0,2.0,92.0,Junior,1,Moderate,Medium,High,New,Late Mid,0.6931471805599453
54.0,12.0,1.0,50.15503875968992,81.0,5.0,95.0,Senior,0,Low,Medium,Moderate,Mid,Senior,0.325422400434628
30.0,13.0,3.0,15.0,166.0,13.0,19.0,Mid,0,Very High,Low,High,Mid,Young,0.6567795363890705
32.0,18.0,1.0,50.15503875968992,183.0,1.0,34.0,Senior,0,Very High,Medium,Low,Senior,Young,0.05129329438755053
40.0,15.0,4.0,51.0,152.0,18.0,3.0,Senior,0,High,High,High,Senior,Early Mid,0.7537718023763802
