Employee_ID,Age,Years_at_Company,Performance_Score,Leadership_Score,Training_Hours,Projects_Handled,Peer_Review_Score,Current_Position_Level,Promotion_Eligible,Training_Level,Leadership_Level,Projects_per_Years,Project_Level,Tenure_Level,Age_Group,Projects_per_Years_log
EMP0327,41.0,17.0,4.0,65.0,41.0,1.0,60.0,Mid,0,Very Low,High,0.0555555555555555,Low,Senior,Early Mid,0.0540672212702757
EMP0365,40.0,27.0,4.0,82.0,107.0,3.0,42.0,Mid,1,Moderate,Very High,0.1071428571428571,Low,Veteran,Early Mid,0.1017826943099423
EMP0483,53.0,22.0,3.0,51.0,103.0,2.0,91.0,Senior,1,Moderate,Medium,0.0869565217391304,Low,Senior,Senior,0.083381608939051
EMP0490,35.0,26.0,3.0,3.0,26.0,16.0,33.0,Senior,0,Very Low,Low,0.5925925925925926,Moderate,Veteran,Early Mid,0.4653632496892333
EMP0003,56.0,9.0,5.0,19.0,96.0,6.0,86.0,Lead,0,Moderate,Low,0.6,Moderate,Mid,Senior,0.4700036292457356
EMP0105,46.0,26.0,1.0,6.0,49.0,3.0,75.0,Mid,0,Low,Low,0.1111111111111111,Low,Veteran,Late Mid,0.1053605156578263
EMP0729,49.0,7.0,2.0,86.0,79.0,11.0,15.0,Senior,1,Low,Very High,1.375,Very High,New,Late Mid,0.8649974374866045
EMP0436,22.0,8.0,3.0,39.0,134.0,8.0,25.0,Mid,0,High,Medium,0.8888888888888888,High,New,Young,0.6359887667199967
EMP0006,44.0,15.0,1.0,76.0,143.0,19.0,32.0,Junior,1,High,Very High,1.1875,Very High,Mid,Late Mid,0.7827593392496325
EMP0057,42.0,15.0,3.0,81.0,84.0,11.0,25.0,Lead,1,Low,Very High,0.6875,High,Mid,Late Mid,0.5232481437645479
EMP0523,57.0,12.0,5.0,86.0,24.0,15.0,94.0,Lead,1,Very Low,Very High,1.1538461538461535,High,Mid,Senior,0.7672551527136672
EMP0919,33.0,17.0,4.0,52.0,172.0,7.0,94.0,Junior,1,Very High,High,0.3888888888888889,Moderate,Senior,Early Mid,0.328504066972036
EMP0975,40.0,3.0,3.0,49.0,123.0,1.0,50.0,Lead,0,High,Medium,0.25,Low,New,Early Mid,0.2231435513142097
EMP0493,51.0,9.0,1.0,75.0,39.0,0.0,25.0,Mid,0,Very Low,Very High,0.0,Low,Mid,Senior,0.0
EMP0101,23.0,20.0,1.0,21.0,139.0,17.0,34.0,Lead,0,High,Low,0.8095238095238095,High,Senior,Young,0.5930637220029628
EMP0347,53.0,15.0,2.0,59.0,97.0,12.0,51.0,Mid,1,Moderate,High,0.75,High,Mid,Senior,0.5596157879354227
EMP0607,45.0,16.0,3.0,52.0,69.0,7.0,59.0,Junior,0,Low,High,0.4117647058823529,Moderate,Senior,Late Mid,0.3448404862917295
EMP0223,56.0,2.0,5.0,27.0,74.0,19.0,21.0,Mid,1,Low,Low,6.333333333333333,Very High,New,Senior,1.992430164690206
EMP0631,40.0,2.0,3.0,40.0,60.0,18.0,16.0,Senior,1,Low,Medium,6.0,Very High,New,Early Mid,1.9459101490553128
EMP0959,22.0,4.0,5.0,47.0,25.0,8.0,53.0,Senior,1,Very Low,Medium,1.6,Very High,New,Young,0.9555114450274363
EMP0507,45.0,29.0,1.0,98.0,168.0,9.0,94.0,Mid,0,Very High,Very High,0.3,Low,Veteran,Late Mid,0.262364264467491
EMP0866,49.0,21.0,5.0,82.0,142.0,5.0,88.0,Junior,0,High,Very High,0.2272727272727272,Low,Senior,Late Mid,0.2047944126460132
EMP0027,55.0,14.0,2.0,10.0,131.0,16.0,56.0,Mid,0,High,Low,1.0666666666666669,High,Mid,Senior,0.7259370033829362
EMP0088,27.0,5.0,3.0,65.0,41.0,19.0,19.0,Mid,0,Very Low,High,3.1666666666666665,Very High,New,Young,1.4271163556401456
EMP0011,54.0,14.0,4.0,51.0,63.0,5.0,94.0,Mid,1,Low,Medium,0.3333333333333333,Low,Mid,Senior,0.2876820724517809
EMP0552,27.0,12.0,5.0,49.0,110.0,11.0,72.0,Lead,0,Moderate,Medium,0.8461538461538461,High,Mid,Young,0.6131044728864089
EMP0860,41.0,3.0,1.0,74.0,162.0,10.0,78.0,Lead,0,Very High,Very High,2.5,Very High,New,Early Mid,1.252762968495368
EMP0664,36.0,19.0,4.0,51.0,10.0,10.0,37.0,Lead,1,Very Low,Medium,0.5,Moderate,Senior,Early Mid,0.4054651081081644
EMP0658,36.0,1.0,4.0,51.0,21.0,7.0,21.0,Mid,0,Very Low,Medium,3.5,Very High,New,Early Mid,1.5040773967762742
EMP0920,44.0,23.0,5.0,89.0,131.0,17.0,51.0,Mid,0,High,Very High,0.7083333333333334,High,Veteran,Late Mid,0.5355182363563622
EMP0125,35.0,14.0,2.0,51.0,103.0,10.0,33.0,Senior,0,Moderate,Medium,0.6666666666666666,High,Mid,Early Mid,0.5108256237659907
EMP0329,47.0,12.0,2.0,32.0,27.0,5.0,6.0,Junior,1,Very Low,Medium,0.3846153846153846,Moderate,Mid,Late Mid,0.325422400434628
EMP0383,29.0,0.0,2.0,64.0,172.0,16.0,56.0,Lead,0,Very High,High,16.0,Very High,New,Young,2.833213344056216
EMP0031,56.0,16.0,3.0,61.0,13.0,8.0,51.0,Mid,0,Very Low,High,0.4705882352941176,Moderate,Senior,Senior,0.3856624808119847
EMP0058,34.0,25.0,3.0,16.0,106.0,8.0,7.0,Senior,0,Moderate,Low,0.3076923076923077,Low,Veteran,Early Mid,0.2682639865946793
EMP0842,54.0,23.0,2.0,29.0,105.0,14.0,87.0,Lead,0,Moderate,Medium,0.5833333333333334,Moderate,Veteran,Senior,0.4595323293784402
EMP0950,40.0,27.0,4.0,60.0,135.0,13.0,44.0,Junior,0,High,High,0.4642857142857143,Moderate,Veteran,Early Mid,0.3813675565291039
EMP0655,37.0,2.0,5.0,2.0,96.0,14.0,45.0,Mid,0,Moderate,Low,4.666666666666667,Very High,New,Early Mid,1.7346010553881064
EMP0871,55.0,7.0,4.0,54.0,103.0,14.0,10.0,Mid,1,Moderate,High,1.75,Very High,New,Senior,1.01160091167848
EMP0206,57.0,23.0,1.0,9.0,103.0,15.0,74.0,Mid,0,Moderate,Low,0.625,Moderate,Veteran,Senior,0.4855078157817007
EMP0763,41.0,23.0,5.0,51.0,177.0,12.0,64.0,Senior,0,Very High,Medium,0.5,Moderate,Veteran,Early Mid,0.4054651081081644
EMP0085,57.0,28.0,4.0,47.0,89.0,10.0,81.0,Mid,0,Moderate,Medium,0.3448275862068966,Low,Veteran,Senior,0.2962658161431724
EMP0952,33.0,5.0,3.0,1.0,59.0,12.0,6.0,Senior,0,Low,Low,2.0,Very High,New,Early Mid,1.0986122886681096
EMP0582,51.0,27.0,4.0,96.0,182.0,12.0,22.0,Junior,0,Very High,Very High,0.4285714285714285,Moderate,Veteran,Senior,0.3566749439387323
EMP0991,43.0,9.0,1.0,44.0,185.0,8.0,65.0,Mid,0,Very High,Medium,0.8,High,Mid,Late Mid,0.5877866649021191
EMP0308,41.0,26.0,4.0,61.0,165.0,18.0,51.0,Lead,1,Very High,High,0.6666666666666666,High,Veteran,Early Mid,0.5108256237659907
EMP0877,58.0,10.0,3.0,0.0,57.0,13.0,52.0,Mid,1,Low,Low,1.181818181818182,Very High,Mid,Senior,0.7801585575495751
EMP0257,38.0,3.0,2.0,35.0,127.0,10.0,73.0,Junior,0,High,Medium,2.5,Very High,New,Early Mid,1.252762968495368
EMP0214,46.0,4.0,5.0,49.0,72.0,15.0,75.0,Senior,1,Low,Medium,3.0,Very High,New,Late Mid,1.3862943611198906
EMP0221,54.0,21.0,5.0,39.0,35.0,1.0,62.0,Senior,0,Very Low,Medium,0.0454545454545454,Low,Senior,Senior,0.0444517625708338
EMP0741,38.0,13.0,5.0,15.0,40.0,19.0,22.0,Mid,0,Very Low,Low,1.3571428571428572,Very High,Mid,Early Mid,0.8574502318512216
EMP0716,40.0,15.0,4.0,13.0,103.0,16.0,47.0,Senior,0,Moderate,Low,1.0,High,Mid,Early Mid,0.6931471805599453
EMP0325,59.0,12.0,1.0,58.0,56.0,16.0,52.0,Lead,0,Low,High,1.2307692307692308,Very High,Mid,Senior,0.8023464725249373
EMP0299,54.0,14.0,4.0,28.0,60.0,6.0,38.0,Lead,0,Low,Medium,0.4,Moderate,Mid,Senior,0.3364722366212129
EMP0593,57.0,26.0,3.0,51.0,53.0,13.0,49.0,Mid,0,Low,Medium,0.4814814814814814,Moderate,Veteran,Senior,0.3930425881096072
EMP0913,53.0,5.0,4.0,30.0,77.0,16.0,37.0,Mid,1,Low,Medium,2.6666666666666665,Very High,New,Senior,1.2992829841302609
EMP0237,45.0,12.0,5.0,33.0,24.0,6.0,24.0,Mid,0,Very Low,Medium,0.4615384615384615,Moderate,Mid,Late Mid,0.3794896217049037
EMP0853,38.0,8.0,4.0,24.0,143.0,7.0,64.0,Junior,0,High,Low,0.7777777777777778,High,New,Early Mid,0.5753641449035618
EMP0448,28.0,17.0,5.0,72.0,88.0,4.0,95.0,Senior,0,Moderate,High,0.2222222222222222,Low,Senior,Young,0.2006706954621511
EMP0306,37.0,6.0,1.0,79.0,107.0,6.0,83.0,Junior,0,Moderate,Very High,0.8571428571428571,High,New,Early Mid,0.6190392084062234
EMP0963,24.0,27.0,5.0,78.0,117.0,15.0,50.0,Junior,0,Moderate,Very High,0.5357142857142857,Moderate,Veteran,Young,0.4289956055183584
EMP0455,41.0,16.0,4.0,12.0,103.0,11.0,27.0,Mid,0,Moderate,Low,0.6470588235294118,High,Senior,Early Mid,0.4989911661189878
EMP0062,49.0,9.0,4.0,76.0,161.0,8.0,39.0,Lead,0,Very High,Very High,0.8,High,Mid,Late Mid,0.5877866649021191
EMP0370,29.0,15.0,2.0,99.0,1.0,4.0,33.0,Junior,0,Very Low,Very High,0.25,Low,Mid,Young,0.2231435513142097
EMP0326,41.0,15.0,4.0,9.0,68.0,17.0,2.0,Mid,0,Low,Low,1.0625,High,Mid,Early Mid,0.723918839226699
EMP0904,59.0,29.0,4.0,96.0,128.0,11.0,61.0,Lead,0,High,Very High,0.3666666666666666,Moderate,Veteran,Senior,0.3123746850421524
EMP0388,32.0,28.0,1.0,5.0,91.0,2.0,44.0,Mid,0,Moderate,Low,0.0689655172413793,Low,Veteran,Young,0.0666913744986722
EMP0571,44.0,23.0,3.0,46.0,120.0,2.0,39.0,Lead,0,High,Medium,0.0833333333333333,Low,Veteran,Late Mid,0.0800427076735364
EMP0331,41.0,3.0,3.0,71.0,22.0,6.0,9.0,Junior,1,Very Low,High,1.5,Very High,New,Early Mid,0.9162907318741552
EMP0008,41.0,11.0,3.0,67.0,145.0,8.0,19.0,Mid,0,High,High,0.6666666666666666,High,Mid,Early Mid,0.5108256237659907
EMP0165,59.0,19.0,1.0,92.0,198.0,6.0,24.0,Junior,0,Very High,Very High,0.3,Low,Senior,Senior,0.262364264467491
EMP0858,46.0,16.0,5.0,14.0,103.0,19.0,50.0,Senior,0,Moderate,Low,1.1176470588235294,High,Senior,Late Mid,0.750305594399894
EMP0974,22.0,20.0,1.0,59.0,134.0,5.0,1.0,Junior,0,High,High,0.238095238095238,Low,Senior,Young,0.213574100298059
EMP0363,24.0,17.0,3.0,50.0,151.0,19.0,13.0,Senior,1,High,Medium,1.0555555555555556,High,Senior,Young,0.7205461547480597
EMP0778,58.0,11.0,4.0,68.0,137.0,7.0,89.0,Mid,1,High,High,0.5833333333333334,Moderate,Mid,Senior,0.4595323293784402
EMP0562,52.0,13.0,1.0,27.0,103.0,5.0,44.0,Mid,1,Moderate,Low,0.3571428571428571,Low,Mid,Senior,0.3053816495511818
EMP0700,42.0,15.0,4.0,17.0,94.0,17.0,15.0,Lead,0,Moderate,Low,1.0625,High,Mid,Late Mid,0.723918839226699
EMP0573,56.0,0.0,5.0,87.0,11.0,10.0,92.0,Lead,0,Very Low,Very High,10.0,Very High,New,Senior,2.3978952727983707
EMP0931,41.0,21.0,2.0,92.0,80.0,14.0,96.0,Senior,1,Low,Very High,0.6363636363636364,Moderate,Senior,Early Mid,0.4924764850977942
EMP0903,23.0,8.0,2.0,0.0,23.0,12.0,64.0,Senior,1,Very Low,Low,1.3333333333333333,Very High,New,Young,0.8472978603872036
EMP0547,41.0,12.0,3.0,16.0,165.0,3.0,48.0,Junior,1,Very High,Low,0.2307692307692307,Low,Mid,Early Mid,0.2076393647782445
EMP0578,47.0,1.0,3.0,67.0,175.0,16.0,92.0,Senior,0,Very High,High,8.0,Very High,New,Late Mid,2.19722457733622
EMP0592,45.0,26.0,2.0,20.0,153.0,16.0,38.0,Mid,0,High,Low,0.5925925925925926,Moderate,Veteran,Late Mid,0.4653632496892333
EMP0752,57.0,13.0,5.0,46.0,74.0,7.0,14.0,Mid,0,Low,Medium,0.5,Moderate,Mid,Senior,0.4054651081081644
EMP0962,41.0,12.0,1.0,50.0,13.0,15.0,31.0,Mid,0,Very Low,Medium,1.1538461538461535,High,Mid,Early Mid,0.7672551527136672
EMP0238,41.0,23.0,1.0,69.0,149.0,14.0,69.0,Mid,0,High,High,0.5833333333333334,Moderate,Veteran,Early Mid,0.4595323293784402
EMP0563,36.0,1.0,3.0,98.0,24.0,1.0,96.0,Lead,0,Very Low,Very High,0.5,Moderate,New,Early Mid,0.4054651081081644
EMP0733,44.0,1.0,1.0,8.0,38.0,14.0,33.0,Mid,0,Very Low,Low,7.0,Very High,New,Late Mid,2.079441541679836
EMP0222,23.0,21.0,3.0,93.0,196.0,17.0,51.0,Junior,0,Very High,Very High,0.7727272727272727,High,Senior,Young,0.5725191927713306
EMP0083,32.0,2.0,1.0,11.0,111.0,10.0,92.0,Mid,1,Moderate,Low,3.333333333333333,Very High,New,Young,1.4663370687934272
EMP0158,45.0,10.0,2.0,93.0,159.0,5.0,39.0,Lead,0,High,Very High,0.4545454545454545,Moderate,Mid,Late Mid,0.3746934494414107
EMP0294,54.0,24.0,5.0,21.0,73.0,10.0,55.0,Junior,0,Low,Low,0.4,Moderate,Veteran,Senior,0.3364722366212129
EMP0627,24.0,24.0,4.0,51.0,17.0,16.0,81.0,Lead,1,Very Low,Medium,0.64,High,Veteran,Young,0.494696241836107
EMP0891,42.0,22.0,4.0,14.0,64.0,10.0,42.0,Junior,1,Low,Low,0.4347826086956521,Moderate,Senior,Late Mid,0.3610133455373305
EMP0444,41.0,3.0,3.0,28.0,158.0,8.0,11.0,Lead,0,High,Medium,2.0,Very High,New,Early Mid,1.0986122886681096
EMP0303,25.0,17.0,1.0,84.0,26.0,1.0,42.0,Junior,1,Very Low,Very High,0.0555555555555555,Low,Senior,Young,0.0540672212702757
EMP0141,49.0,18.0,1.0,58.0,169.0,15.0,50.0,Junior,0,Very High,High,0.7894736842105263,High,Senior,Late Mid,0.581921545449721
EMP0546,44.0,16.0,3.0,87.0,188.0,10.0,37.0,Lead,0,Very High,Very High,0.5882352941176471,Moderate,Senior,Late Mid,0.462623521948113
EMP0602,46.0,19.0,5.0,46.0,53.0,4.0,94.0,Mid,0,Low,Medium,0.2,Low,Senior,Late Mid,0.1823215567939546
EMP0453,42.0,29.0,3.0,5.0,103.0,16.0,51.0,Lead,0,Moderate,Low,0.5333333333333333,Moderate,Veteran,Late Mid,0.4274440148269396
EMP0623,49.0,28.0,1.0,51.0,61.0,15.0,10.0,Mid,0,Low,Medium,0.5172413793103449,Moderate,Veteran,Late Mid,0.4168938039317871
EMP0979,26.0,15.0,5.0,15.0,143.0,0.0,15.0,Lead,1,High,Low,0.0,Low,Mid,Young,0.0
EMP0540,44.0,14.0,1.0,25.0,3.0,15.0,30.0,Senior,1,Very Low,Low,1.0,High,Mid,Late Mid,0.6931471805599453
EMP0310,52.0,15.0,3.0,74.0,133.0,5.0,51.0,Lead,0,High,Very High,0.3125,Low,Mid,Senior,0.2719337154836417
EMP0956,50.0,6.0,4.0,64.0,115.0,10.0,91.0,Senior,0,Moderate,High,1.4285714285714286,Very High,New,Senior,0.8873031950009028
EMP0432,30.0,2.0,1.0,51.0,19.0,10.0,4.0,Junior,0,Very Low,Medium,3.333333333333333,Very High,New,Young,1.4663370687934272
EMP0577,54.0,2.0,3.0,80.0,173.0,15.0,31.0,Junior,1,Very High,Very High,5.0,Very High,New,Senior,1.791759469228055
EMP0182,47.0,24.0,3.0,7.0,106.0,18.0,95.0,Mid,0,Moderate,Low,0.72,High,Veteran,Late Mid,0.5423242908253616
EMP0532,45.0,2.0,1.0,94.0,103.0,17.0,19.0,Mid,1,Moderate,Very High,5.666666666666667,Very High,New,Late Mid,1.8971199848858813
EMP0361,31.0,27.0,3.0,51.0,75.0,7.0,69.0,Lead,1,Low,Medium,0.25,Low,Veteran,Young,0.2231435513142097
EMP0381,22.0,15.0,1.0,10.0,178.0,13.0,54.0,Mid,0,Very High,Low,0.8125,High,Mid,Young,0.5947071077466928
EMP0900,41.0,22.0,2.0,30.0,132.0,11.0,46.0,Junior,1,High,Medium,0.4782608695652174,Moderate,Senior,Early Mid,0.3908663086870117
EMP0094,51.0,1.0,4.0,27.0,148.0,10.0,51.0,Junior,1,High,Low,5.0,Very High,New,Senior,1.791759469228055
EMP0936,27.0,11.0,4.0,61.0,182.0,12.0,68.0,Senior,0,Very High,High,1.0,High,Mid,Young,0.6931471805599453
EMP0191,23.0,15.0,1.0,18.0,24.0,17.0,17.0,Junior,0,Very Low,Low,1.0625,High,Mid,Young,0.723918839226699
EMP0286,25.0,27.0,5.0,0.0,166.0,18.0,37.0,Junior,1,Very High,Low,0.6428571428571429,High,Veteran,Young,0.4964368863138911
EMP0893,37.0,27.0,3.0,23.0,164.0,17.0,17.0,Mid,0,Very High,Low,0.6071428571428571,Moderate,Veteran,Early Mid,0.4744579795951158
EMP0073,52.0,24.0,2.0,8.0,5.0,9.0,51.0,Mid,1,Very Low,Low,0.36,Moderate,Veteran,Senior,0.3074846997479606
EMP0305,49.0,15.0,3.0,5.0,103.0,10.0,89.0,Senior,1,Moderate,Low,0.625,Moderate,Mid,Late Mid,0.4855078157817007
EMP0138,40.0,16.0,5.0,29.0,156.0,12.0,57.0,Mid,1,High,Medium,0.7058823529411765,High,Senior,Early Mid,0.534082485930258
EMP0314,54.0,22.0,4.0,69.0,47.0,0.0,83.0,Junior,0,Low,High,0.0,Low,Senior,Senior,0.0
EMP0635,49.0,19.0,1.0,54.0,43.0,9.0,29.0,Junior,0,Low,High,0.45,Moderate,Senior,Late Mid,0.371563556432483
EMP0154,25.0,24.0,5.0,62.0,116.0,9.0,94.0,Mid,0,Moderate,High,0.36,Moderate,Veteran,Young,0.3074846997479606
EMP0144,25.0,23.0,2.0,24.0,151.0,15.0,51.0,Mid,0,High,Low,0.625,Moderate,Veteran,Young,0.4855078157817007
EMP0174,25.0,22.0,5.0,63.0,179.0,5.0,59.0,Mid,1,Very High,High,0.217391304347826,Low,Senior,Young,0.1967102942460542
EMP0030,49.0,20.0,4.0,62.0,192.0,2.0,4.0,Mid,0,Very High,High,0.0952380952380952,Low,Senior,Late Mid,0.0909717782057266
EMP0558,45.0,24.0,2.0,38.0,187.0,3.0,45.0,Lead,0,Very High,Medium,0.12,Low,Veteran,Late Mid,0.1133286853070031
EMP0203,47.0,2.0,3.0,92.0,22.0,5.0,17.0,Mid,0,Very Low,Very High,1.6666666666666667,Very High,New,Late Mid,0.9808292530117262
EMP0429,55.0,2.0,2.0,57.0,117.0,1.0,32.0,Senior,0,Moderate,High,0.3333333333333333,Low,New,Senior,0.2876820724517809
EMP0632,33.0,20.0,4.0,18.0,177.0,17.0,32.0,Lead,0,Very High,Low,0.8095238095238095,High,Senior,Early Mid,0.5930637220029628
EMP0179,59.0,23.0,2.0,42.0,44.0,5.0,66.0,Junior,0,Low,Medium,0.2083333333333333,Low,Veteran,Senior,0.1892419996385284
EMP0669,51.0,10.0,1.0,51.0,136.0,16.0,1.0,Mid,0,High,Medium,1.4545454545454546,Very High,Mid,Senior,0.8979415932059586
EMP0150,25.0,22.0,2.0,51.0,46.0,17.0,33.0,Senior,0,Low,Medium,0.7391304347826086,High,Senior,Young,0.5533852381847866
EMP0183,39.0,19.0,5.0,26.0,111.0,11.0,23.0,Mid,0,Moderate,Low,0.55,Moderate,Senior,Early Mid,0.4382549309311553
EMP0007,55.0,19.0,4.0,75.0,98.0,5.0,91.0,Senior,0,Moderate,Very High,0.25,Low,Senior,Senior,0.2231435513142097
EMP0933,46.0,15.0,1.0,84.0,182.0,18.0,28.0,Lead,0,Very High,Very High,1.125,High,Mid,Late Mid,0.7537718023763802
EMP0433,47.0,14.0,4.0,79.0,169.0,16.0,24.0,Senior,1,Very High,Very High,1.0666666666666669,High,Mid,Late Mid,0.7259370033829362
EMP0077,36.0,12.0,5.0,57.0,171.0,9.0,23.0,Mid,1,Very High,High,0.6923076923076923,High,Mid,Early Mid,0.5260930958967791
EMP0709,47.0,26.0,1.0,94.0,188.0,15.0,67.0,Junior,0,Very High,Very High,0.5555555555555556,Moderate,Veteran,Late Mid,0.4418327522790392
EMP0376,30.0,23.0,1.0,51.0,10.0,1.0,90.0,Junior,0,Very Low,Medium,0.0416666666666666,Low,Veteran,Young,0.0408219945202551
EMP0944,35.0,14.0,3.0,25.0,23.0,14.0,11.0,Mid,0,Very Low,Low,0.9333333333333332,High,Mid,Early Mid,0.659245628884264
EMP0155,57.0,12.0,3.0,49.0,141.0,5.0,82.0,Junior,0,High,Medium,0.3846153846153846,Moderate,Mid,Senior,0.325422400434628
EMP0791,31.0,0.0,3.0,76.0,142.0,4.0,35.0,Lead,1,High,Very High,4.0,Very High,New,Young,1.6094379124341005
EMP0244,27.0,10.0,3.0,50.0,178.0,0.0,30.0,Mid,0,Very High,Medium,0.0,Low,Mid,Young,0.0
EMP0230,47.0,14.0,3.0,64.0,157.0,12.0,49.0,Mid,0,High,High,0.8,High,Mid,Late Mid,0.5877866649021191
EMP0813,49.0,22.0,5.0,27.0,4.0,6.0,92.0,Mid,1,Very Low,Low,0.2608695652173913,Low,Senior,Late Mid,0.2318016140573243
EMP0454,50.0,26.0,3.0,9.0,197.0,8.0,58.0,Mid,1,Very High,Low,0.2962962962962963,Low,Veteran,Senior,0.2595111954850846
EMP0139,57.0,25.0,4.0,14.0,103.0,12.0,87.0,Junior,1,Moderate,Low,0.4615384615384615,Moderate,Veteran,Senior,0.3794896217049037
EMP0539,46.0,17.0,2.0,11.0,103.0,12.0,45.0,Senior,0,Moderate,Low,0.6666666666666666,High,Senior,Late Mid,0.5108256237659907
EMP0583,44.0,9.0,5.0,83.0,150.0,8.0,32.0,Junior,0,High,Very High,0.8,High,Mid,Late Mid,0.5877866649021191
EMP0195,55.0,15.0,3.0,87.0,4.0,10.0,28.0,Lead,0,Very Low,Very High,0.625,Moderate,Mid,Senior,0.4855078157817007
EMP0043,58.0,2.0,1.0,12.0,74.0,10.0,6.0,Mid,0,Low,Low,3.333333333333333,Very High,New,Senior,1.4663370687934272
EMP0605,28.0,2.0,1.0,51.0,114.0,16.0,80.0,Senior,0,Moderate,Medium,5.333333333333333,Very High,New,Young,1.8458266904983307
EMP0114,30.0,14.0,3.0,44.0,101.0,9.0,5.0,Junior,0,Moderate,Medium,0.6,Moderate,Mid,Young,0.4700036292457356
EMP0712,41.0,26.0,5.0,35.0,24.0,18.0,42.0,Lead,0,Very Low,Medium,0.6666666666666666,High,Veteran,Early Mid,0.5108256237659907
EMP0059,40.0,25.0,4.0,62.0,60.0,1.0,7.0,Senior,0,Low,High,0.0384615384615384,Low,Veteran,Early Mid,0.037740327982847
EMP0369,29.0,11.0,3.0,86.0,117.0,18.0,38.0,Mid,0,Moderate,Very High,1.5,Very High,Mid,Young,0.9162907318741552
EMP0403,47.0,15.0,4.0,58.0,115.0,14.0,12.0,Junior,0,Moderate,High,0.875,High,Mid,Late Mid,0.6286086594223741
EMP0559,23.0,15.0,5.0,9.0,93.0,11.0,41.0,Junior,0,Moderate,Low,0.6875,High,Mid,Young,0.5232481437645479
EMP0026,50.0,4.0,4.0,88.0,4.0,7.0,62.0,Junior,1,Very Low,Very High,1.4,Very High,New,Senior,0.8754687373538999
EMP0522,24.0,20.0,4.0,65.0,93.0,17.0,66.0,Junior,1,Moderate,High,0.8095238095238095,High,Senior,Young,0.5930637220029628
EMP0960,33.0,2.0,5.0,15.0,78.0,11.0,93.0,Senior,0,Low,Low,3.6666666666666665,Very High,New,Early Mid,1.5404450409471488
EMP0509,43.0,28.0,5.0,34.0,120.0,17.0,3.0,Junior,0,High,Medium,0.5862068965517241,Moderate,Veteran,Late Mid,0.4613455665026209
EMP0357,41.0,23.0,1.0,83.0,56.0,8.0,97.0,Lead,1,Low,Very High,0.3333333333333333,Low,Veteran,Early Mid,0.2876820724517809
EMP0054,23.0,15.0,5.0,34.0,142.0,2.0,15.0,Senior,0,High,Medium,0.125,Low,Mid,Young,0.1177830356563834
EMP0475,58.0,1.0,1.0,48.0,46.0,1.0,10.0,Lead,0,Low,Medium,0.5,Moderate,New,Senior,0.4054651081081644
EMP0916,51.0,17.0,4.0,28.0,160.0,9.0,57.0,Lead,0,High,Medium,0.5,Moderate,Senior,Senior,0.4054651081081644
EMP0863,34.0,8.0,3.0,91.0,83.0,0.0,83.0,Senior,0,Low,Very High,0.0,Low,New,Early Mid,0.0
EMP0276,41.0,1.0,3.0,46.0,52.0,10.0,78.0,Junior,1,Low,Medium,5.0,Very High,New,Early Mid,1.791759469228055
EMP0511,55.0,20.0,2.0,51.0,0.0,10.0,48.0,Mid,1,Very Low,Medium,0.4761904761904761,Moderate,Senior,Senior,0.3894647667617232
EMP0677,51.0,23.0,1.0,67.0,71.0,11.0,4.0,Mid,1,Low,High,0.4583333333333333,Moderate,Veteran,Senior,0.377294231141468
EMP0640,33.0,8.0,2.0,81.0,150.0,11.0,7.0,Lead,0,High,Very High,1.2222222222222223,Very High,New,Early Mid,0.7985076962177716
EMP0894,49.0,15.0,5.0,32.0,100.0,14.0,23.0,Senior,0,Moderate,Medium,0.875,High,Mid,Late Mid,0.6286086594223741
EMP0019,25.0,18.0,1.0,93.0,57.0,17.0,87.0,Senior,0,Low,Very High,0.8947368421052632,High,Senior,Young,0.6390799592896695
EMP0714,35.0,22.0,3.0,96.0,157.0,18.0,78.0,Lead,1,High,Very High,0.782608695652174,High,Senior,Early Mid,0.5780778507751582
EMP0564,59.0,4.0,3.0,17.0,110.0,16.0,67.0,Senior,0,Moderate,Low,3.2,Very High,New,Senior,1.4350845252893227
EMP0392,31.0,26.0,1.0,56.0,70.0,1.0,27.0,Senior,0,Low,High,0.037037037037037,Low,Veteran,Young,0.0363676441708748
EMP0087,38.0,29.0,5.0,78.0,21.0,2.0,34.0,Junior,0,Very Low,Very High,0.0666666666666666,Low,Veteran,Early Mid,0.0645385211375711
EMP0065,25.0,25.0,2.0,44.0,101.0,12.0,24.0,Junior,0,Moderate,Medium,0.4615384615384615,Moderate,Veteran,Young,0.3794896217049037
EMP0284,54.0,29.0,1.0,87.0,4.0,18.0,31.0,Mid,0,Very Low,Very High,0.6,Moderate,Veteran,Senior,0.4700036292457356
EMP0298,48.0,19.0,3.0,0.0,105.0,14.0,21.0,Senior,0,Moderate,Low,0.7,High,Senior,Late Mid,0.5306282510621704
EMP0380,25.0,2.0,1.0,96.0,164.0,14.0,76.0,Junior,0,Very High,Very High,4.666666666666667,Very High,New,Young,1.7346010553881064
EMP0373,34.0,26.0,3.0,64.0,94.0,0.0,57.0,Senior,0,Moderate,High,0.0,Low,Veteran,Early Mid,0.0
EMP0576,23.0,21.0,5.0,43.0,164.0,7.0,80.0,Mid,1,Very High,Medium,0.3181818181818182,Low,Senior,Young,0.2762533766281582
EMP0290,59.0,11.0,2.0,77.0,86.0,2.0,9.0,Senior,0,Low,Very High,0.1666666666666666,Low,Mid,Senior,0.1541506798272583
EMP0013,41.0,16.0,1.0,95.0,127.0,2.0,87.0,Mid,1,High,Very High,0.1176470588235294,Low,Senior,Early Mid,0.1112256351102243
EMP0192,29.0,16.0,1.0,68.0,23.0,18.0,6.0,Lead,1,Very Low,High,1.0588235294117647,High,Senior,Young,0.7221347174331976
EMP0389,41.0,15.0,3.0,88.0,11.0,15.0,79.0,Junior,0,Very Low,Very High,0.9375,High,Mid,Early Mid,0.661398482245365
EMP0447,58.0,23.0,4.0,51.0,116.0,1.0,81.0,Mid,0,Moderate,Medium,0.0416666666666666,Low,Veteran,Senior,0.0408219945202551
EMP0610,42.0,8.0,1.0,51.0,94.0,14.0,71.0,Junior,1,Moderate,Medium,1.5555555555555556,Very High,New,Late Mid,0.9382696385929304
EMP0233,57.0,28.0,4.0,50.0,73.0,1.0,51.0,Mid,0,Low,Medium,0.0344827586206896,Low,Veteran,Senior,0.0339015516756813
EMP0568,59.0,8.0,5.0,77.0,19.0,13.0,26.0,Lead,0,Very Low,Very High,1.4444444444444444,Very High,New,Senior,0.8938178760220965
EMP0809,26.0,4.0,1.0,84.0,147.0,17.0,13.0,Senior,1,High,Very High,3.4,Very High,New,Young,1.4816045409242156
EMP0458,42.0,13.0,4.0,36.0,69.0,14.0,71.0,Lead,0,Low,Medium,1.0,High,Mid,Late Mid,0.6931471805599453
EMP0470,30.0,3.0,2.0,7.0,45.0,2.0,12.0,Senior,1,Low,Low,0.5,Moderate,New,Young,0.4054651081081644
EMP0579,53.0,10.0,3.0,60.0,26.0,2.0,22.0,Senior,0,Very Low,High,0.1818181818181818,Low,Mid,Senior,0.1670540846631662
EMP0604,33.0,5.0,4.0,66.0,22.0,15.0,72.0,Junior,0,Very Low,High,2.5,Very High,New,Early Mid,1.252762968495368
EMP0186,30.0,4.0,5.0,51.0,144.0,5.0,34.0,Mid,0,High,Medium,1.0,High,New,Young,0.6931471805599453
EMP0868,52.0,15.0,5.0,76.0,89.0,19.0,23.0,Mid,0,Moderate,Very High,1.1875,Very High,Mid,Senior,0.7827593392496325
EMP0518,41.0,13.0,1.0,64.0,131.0,13.0,20.0,Senior,1,High,High,0.9285714285714286,High,Mid,Early Mid,0.6567795363890705
EMP0986,47.0,26.0,3.0,30.0,28.0,16.0,75.0,Senior,1,Very Low,Medium,0.5925925925925926,Moderate,Veteran,Late Mid,0.4653632496892333
EMP0173,58.0,9.0,1.0,15.0,103.0,6.0,9.0,Senior,1,Moderate,Low,0.6,Moderate,Mid,Senior,0.4700036292457356
EMP0258,52.0,3.0,5.0,82.0,77.0,7.0,82.0,Senior,0,Low,Very High,1.75,Very High,New,Senior,1.01160091167848
EMP0629,57.0,22.0,3.0,18.0,91.0,18.0,61.0,Mid,0,Moderate,Low,0.782608695652174,High,Senior,Senior,0.5780778507751582
EMP0883,58.0,1.0,1.0,30.0,186.0,0.0,35.0,Mid,0,Very High,Medium,0.0,Low,New,Senior,0.0
EMP0397,41.0,12.0,2.0,72.0,149.0,3.0,95.0,Lead,0,High,High,0.2307692307692307,Low,Mid,Early Mid,0.2076393647782445
EMP0078,41.0,29.0,1.0,88.0,191.0,8.0,68.0,Mid,0,Very High,Very High,0.2666666666666666,Low,Veteran,Early Mid,0.2363887780642304
EMP0119,28.0,2.0,2.0,7.0,83.0,13.0,9.0,Mid,0,Low,Low,4.333333333333333,Very High,New,Young,1.6739764335716716
EMP0565,54.0,16.0,1.0,8.0,103.0,13.0,57.0,Lead,0,Moderate,Low,0.7647058823529411,High,Senior,Senior,0.5679840376059393
EMP0556,31.0,22.0,2.0,11.0,32.0,13.0,68.0,Junior,0,Very Low,Low,0.5652173913043478,Moderate,Senior,Young,0.4480247225269603
EMP0413,51.0,4.0,4.0,6.0,21.0,0.0,68.0,Mid,0,Very Low,Low,0.0,Low,New,Senior,0.0
EMP0108,50.0,4.0,2.0,67.0,86.0,10.0,11.0,Lead,0,Low,High,2.0,Very High,New,Senior,1.0986122886681096
EMP0120,32.0,4.0,4.0,95.0,110.0,9.0,11.0,Lead,0,Moderate,Very High,1.8,Very High,New,Young,1.0296194171811583
EMP0428,42.0,7.0,5.0,98.0,27.0,8.0,45.0,Mid,0,Very Low,Very High,1.0,High,New,Late Mid,0.6931471805599453
EMP0096,41.0,4.0,1.0,35.0,66.0,4.0,98.0,Mid,0,Low,Medium,0.8,High,New,Early Mid,0.5877866649021191
EMP0560,50.0,18.0,4.0,96.0,63.0,18.0,51.0,Lead,0,Low,Very High,0.9473684210526316,High,Senior,Senior,0.666478933477784
EMP0093,57.0,21.0,4.0,59.0,131.0,17.0,86.0,Mid,0,High,High,0.7727272727272727,High,Senior,Senior,0.5725191927713306
EMP0355,24.0,22.0,3.0,24.0,135.0,15.0,57.0,Mid,0,High,Low,0.6521739130434783,High,Senior,Young,0.5020919437972361
EMP0988,28.0,9.0,5.0,75.0,139.0,10.0,6.0,Senior,0,High,Very High,1.0,High,Mid,Young,0.6931471805599453
EMP0917,41.0,10.0,2.0,2.0,185.0,11.0,32.0,Lead,0,Very High,Low,1.0,High,Mid,Early Mid,0.6931471805599453
EMP0930,59.0,8.0,2.0,51.0,190.0,16.0,49.0,Mid,0,Very High,Medium,1.7777777777777777,Very High,New,Senior,1.0216512475319814
EMP0949,46.0,15.0,2.0,40.0,133.0,14.0,50.0,Senior,0,High,Medium,0.875,High,Mid,Late Mid,0.6286086594223741
EMP0798,56.0,6.0,2.0,62.0,54.0,5.0,51.0,Senior,0,Low,High,0.7142857142857143,High,New,Senior,0.538996500732687
EMP0939,41.0,29.0,1.0,12.0,134.0,5.0,4.0,Junior,1,High,Low,0.1666666666666666,Low,Veteran,Early Mid,0.1541506798272583
EMP0098,52.0,40.0,3.0,28.0,123.0,16.0,47.0,Lead,1,High,Medium,0.3902439024390244,Moderate,Veteran,Senior,0.3294792011302423
EMP0012,47.0,5.0,4.0,15.0,108.0,10.0,34.0,Junior,0,Moderate,Low,1.6666666666666667,Very High,New,Late Mid,0.9808292530117262
EMP0419,34.0,17.0,5.0,73.0,103.0,4.0,66.0,Mid,1,Moderate,High,0.2222222222222222,Low,Senior,Early Mid,0.2006706954621511
EMP0505,25.0,29.0,3.0,29.0,18.0,19.0,59.0,Senior,1,Very Low,Medium,0.6333333333333333,Moderate,Veteran,Young,0.4906229164484712
EMP0045,49.0,3.0,3.0,62.0,25.0,10.0,64.0,Lead,0,Very Low,High,2.5,Very High,New,Late Mid,1.252762968495368
EMP0044,37.0,25.0,2.0,92.0,49.0,19.0,68.0,Mid,0,Low,Very High,0.7307692307692307,High,Veteran,Early Mid,0.5485659517488377
EMP0348,54.0,15.0,4.0,70.0,133.0,11.0,76.0,Mid,0,High,High,0.6875,High,Mid,Senior,0.5232481437645479
EMP0177,49.0,5.0,4.0,0.0,148.0,10.0,56.0,Junior,0,High,Low,1.6666666666666667,Very High,New,Late Mid,0.9808292530117262
EMP0450,49.0,20.0,4.0,61.0,12.0,9.0,69.0,Junior,0,Very Low,High,0.4285714285714285,Moderate,Senior,Late Mid,0.3566749439387323
EMP0872,58.0,1.0,3.0,0.0,18.0,12.0,64.0,Junior,1,Very Low,Low,6.0,Very High,New,Senior,1.9459101490553128
EMP0961,25.0,7.0,3.0,13.0,64.0,13.0,99.0,Lead,0,Low,Low,1.625,Very High,New,Young,0.965080896043587
EMP0755,28.0,5.0,2.0,94.0,119.0,4.0,42.0,Junior,0,High,Very High,0.6666666666666666,High,New,Young,0.5108256237659907
EMP0104,29.0,9.0,3.0,30.0,136.0,8.0,10.0,Senior,1,High,Medium,0.8,High,Mid,Young,0.5877866649021191
EMP0188,41.0,22.0,5.0,51.0,61.0,15.0,58.0,Mid,1,Low,Medium,0.6521739130434783,High,Senior,Early Mid,0.5020919437972361
EMP0440,42.0,19.0,4.0,22.0,145.0,14.0,63.0,Mid,0,High,Low,0.7,High,Senior,Late Mid,0.5306282510621704
EMP0642,43.0,27.0,5.0,61.0,65.0,4.0,86.0,Mid,1,Low,High,0.1428571428571428,Low,Veteran,Late Mid,0.1335313926245226
EMP0880,53.0,28.0,2.0,66.0,26.0,11.0,51.0,Lead,1,Very Low,High,0.3793103448275862,Moderate,Veteran,Senior,0.3215836241274623
EMP0653,22.0,18.0,5.0,69.0,62.0,12.0,98.0,Mid,1,Low,High,0.631578947368421,Moderate,Senior,Young,0.4895482253187058
EMP0187,54.0,5.0,1.0,74.0,106.0,6.0,62.0,Mid,0,Moderate,Very High,1.0,High,New,Senior,0.6931471805599453
EMP0888,45.0,24.0,3.0,86.0,103.0,19.0,40.0,Senior,1,Moderate,Very High,0.76,High,Veteran,Late Mid,0.5653138090500605
EMP0672,53.0,18.0,4.0,90.0,78.0,14.0,91.0,Lead,0,Low,Very High,0.7368421052631579,High,Senior,Senior,0.5520685823000397
EMP0792,38.0,20.0,2.0,18.0,94.0,6.0,55.0,Mid,0,Moderate,Low,0.2857142857142857,Low,Senior,Early Mid,0.251314428280906
EMP0698,41.0,1.0,4.0,90.0,161.0,13.0,16.0,Junior,0,Very High,Very High,6.5,Very High,New,Early Mid,2.0149030205422647
EMP0406,29.0,27.0,1.0,58.0,163.0,12.0,24.0,Mid,0,Very High,High,0.4285714285714285,Moderate,Veteran,Young,0.3566749439387323
EMP0268,22.0,27.0,1.0,70.0,27.0,4.0,28.0,Senior,0,Very Low,High,0.1428571428571428,Low,Veteran,Young,0.1335313926245226
EMP0513,58.0,17.0,4.0,51.0,67.0,7.0,12.0,Senior,0,Low,Medium,0.3888888888888889,Moderate,Senior,Senior,0.328504066972036
EMP0354,27.0,13.0,3.0,63.0,183.0,13.0,45.0,Mid,0,Very High,High,0.9285714285714286,High,Mid,Young,0.6567795363890705
EMP0908,44.0,26.0,1.0,8.0,55.0,10.0,51.0,Senior,1,Low,Low,0.3703703703703703,Moderate,Veteran,Late Mid,0.3150810466398953
EMP0016,54.0,14.0,4.0,1.0,186.0,2.0,3.0,Lead,0,Very High,Low,0.1333333333333333,Low,Mid,Senior,0.125163142954006
EMP0004,39.0,24.0,4.0,51.0,16.0,6.0,52.0,Senior,0,Very Low,Medium,0.24,Low,Veteran,Early Mid,0.2151113796169455
EMP0479,38.0,8.0,3.0,56.0,175.0,19.0,65.0,Junior,0,Very High,High,2.111111111111111,Very High,New,Early Mid,1.134979932838985
EMP0267,36.0,0.0,3.0,30.0,130.0,10.0,38.0,Mid,1,High,Medium,10.0,Very High,New,Early Mid,2.3978952727983707
EMP0830,36.0,1.0,4.0,26.0,90.0,10.0,61.0,Junior,1,Moderate,Low,5.0,Very High,New,Early Mid,1.791759469228055
EMP0757,26.0,18.0,2.0,17.0,198.0,10.0,81.0,Junior,0,Very High,Low,0.5263157894736842,Moderate,Senior,Young,0.4228568508200335
EMP0705,45.0,13.0,2.0,73.0,6.0,16.0,92.0,Mid,1,Very Low,High,1.1428571428571428,High,Mid,Late Mid,0.7621400520468967
EMP0482,42.0,15.0,2.0,11.0,54.0,10.0,94.0,Mid,1,Low,Low,0.625,Moderate,Mid,Late Mid,0.4855078157817007
EMP0416,42.0,20.0,1.0,40.0,14.0,13.0,64.0,Senior,1,Very Low,Medium,0.6190476190476191,Moderate,Senior,Late Mid,0.4818380868927384
EMP0232,22.0,11.0,2.0,16.0,164.0,1.0,82.0,Lead,0,Very High,Low,0.0833333333333333,Low,Mid,Young,0.0800427076735364
EMP0189,57.0,20.0,2.0,99.0,171.0,9.0,60.0,Senior,1,Very High,Very High,0.4285714285714285,Moderate,Senior,Senior,0.3566749439387323
EMP0647,22.0,11.0,1.0,33.0,93.0,10.0,86.0,Senior,1,Moderate,Medium,0.8333333333333334,High,Mid,Young,0.6061358035703156
EMP0488,42.0,1.0,3.0,0.0,111.0,10.0,77.0,Lead,1,Moderate,Low,5.0,Very High,New,Late Mid,1.791759469228055
EMP0341,42.0,1.0,1.0,90.0,43.0,10.0,63.0,Senior,1,Low,Very High,5.0,Very High,New,Late Mid,1.791759469228055
EMP0824,46.0,14.0,1.0,7.0,147.0,10.0,92.0,Lead,0,High,Low,0.6666666666666666,High,Mid,Late Mid,0.5108256237659907
EMP0010,54.0,17.0,1.0,92.0,71.0,1.0,1.0,Mid,0,Low,Very High,0.0555555555555555,Low,Senior,Senior,0.0540672212702757
EMP0259,34.0,15.0,4.0,71.0,65.0,7.0,37.0,Senior,0,Low,High,0.4375,Moderate,Mid,Early Mid,0.3629054936893685
EMP0024,29.0,7.0,5.0,33.0,103.0,18.0,51.0,Senior,0,Moderate,Medium,2.25,Very High,New,Young,1.1786549963416462
EMP0375,37.0,29.0,2.0,81.0,194.0,0.0,68.0,Lead,0,Very High,Very High,0.0,Low,Veteran,Early Mid,0.0
EMP0231,32.0,16.0,3.0,92.0,112.0,18.0,50.0,Lead,0,Moderate,Very High,1.0588235294117647,High,Senior,Young,0.7221347174331976
EMP0667,56.0,29.0,3.0,85.0,191.0,13.0,54.0,Mid,1,Very High,Very High,0.4333333333333333,Moderate,Veteran,Senior,0.360002734031407
EMP0859,37.0,26.0,2.0,29.0,57.0,11.0,67.0,Senior,1,Low,Medium,0.4074074074074074,Moderate,Veteran,Early Mid,0.3417492937220566
EMP0983,49.0,27.0,4.0,56.0,176.0,4.0,93.0,Mid,0,Very High,High,0.1428571428571428,Low,Veteran,Late Mid,0.1335313926245226
EMP0586,29.0,14.0,2.0,89.0,176.0,9.0,18.0,Lead,1,Very High,Very High,0.6,Moderate,Mid,Young,0.4700036292457356
EMP0359,41.0,19.0,2.0,10.0,167.0,3.0,77.0,Mid,1,Very High,Low,0.15,Low,Senior,Early Mid,0.1397619423751586
EMP0457,48.0,18.0,4.0,60.0,20.0,0.0,8.0,Junior,1,Very Low,High,0.0,Low,Senior,Late Mid,0.0
EMP0831,39.0,0.0,1.0,74.0,137.0,7.0,22.0,Mid,0,High,Very High,7.0,Very High,New,Early Mid,2.079441541679836
EMP0575,56.0,5.0,3.0,88.0,49.0,18.0,60.0,Senior,0,Low,Very High,3.0,Very High,New,Senior,1.3862943611198906
EMP0213,38.0,20.0,1.0,79.0,161.0,10.0,33.0,Lead,0,Very High,Very High,0.4761904761904761,Moderate,Senior,Early Mid,0.3894647667617232
EMP0626,55.0,17.0,2.0,60.0,123.0,18.0,77.0,Senior,0,High,High,1.0,High,Senior,Senior,0.6931471805599453
EMP0471,38.0,15.0,2.0,61.0,60.0,13.0,51.0,Mid,1,Low,High,0.8125,High,Mid,Early Mid,0.5947071077466928
EMP0247,35.0,17.0,4.0,48.0,103.0,7.0,59.0,Mid,0,Moderate,Medium,0.3888888888888889,Moderate,Senior,Early Mid,0.328504066972036
EMP0097,26.0,27.0,1.0,89.0,93.0,5.0,14.0,Junior,1,Moderate,Very High,0.1785714285714285,Low,Veteran,Young,0.1643030512912763
EMP0554,50.0,15.0,5.0,22.0,0.0,9.0,17.0,Mid,1,Very Low,Low,0.5625,Moderate,Mid,Senior,0.4462871026284195
EMP0702,49.0,21.0,4.0,45.0,125.0,19.0,44.0,Junior,1,High,Medium,0.8636363636363636,High,Senior,Late Mid,0.622529613345992
EMP0617,39.0,20.0,1.0,33.0,172.0,12.0,93.0,Junior,0,Very High,Medium,0.5714285714285714,Moderate,Senior,Early Mid,0.4519851237430572
EMP0835,50.0,13.0,3.0,87.0,190.0,12.0,12.0,Senior,0,Very High,Very High,0.8571428571428571,High,Mid,Senior,0.6190392084062234
EMP0297,49.0,28.0,3.0,53.0,164.0,19.0,62.0,Mid,1,Very High,High,0.6551724137931034,High,Veteran,Late Mid,0.5039051809214169
EMP0194,41.0,0.0,4.0,66.0,63.0,2.0,68.0,Junior,0,Low,High,2.0,Very High,New,Early Mid,1.0986122886681096
EMP0801,57.0,8.0,3.0,80.0,198.0,10.0,85.0,Lead,0,Very High,Very High,1.1111111111111112,High,New,Senior,0.7472144018302211
EMP0460,51.0,19.0,5.0,74.0,170.0,5.0,75.0,Junior,1,Very High,Very High,0.25,Low,Senior,Senior,0.2231435513142097
EMP0690,26.0,13.0,5.0,70.0,141.0,4.0,90.0,Lead,0,High,High,0.2857142857142857,Low,Mid,Young,0.251314428280906
EMP0163,31.0,1.0,4.0,17.0,191.0,16.0,54.0,Junior,1,Very High,Low,8.0,Very High,New,Young,2.19722457733622
EMP0079,28.0,2.0,5.0,34.0,103.0,4.0,60.0,Lead,0,Moderate,Medium,1.3333333333333333,Very High,New,Young,0.8472978603872036
EMP0476,26.0,15.0,1.0,8.0,102.0,10.0,56.0,Lead,0,Moderate,Low,0.625,Moderate,Mid,Young,0.4855078157817007
EMP0730,25.0,20.0,2.0,66.0,155.0,0.0,33.0,Junior,0,High,High,0.0,Low,Senior,Young,0.0
EMP0797,33.0,13.0,4.0,60.0,62.0,18.0,5.0,Junior,0,Low,High,1.2857142857142858,Very High,Mid,Early Mid,0.8266785731844679
EMP0289,52.0,25.0,2.0,33.0,176.0,7.0,7.0,Mid,0,Very High,Medium,0.2692307692307692,Low,Veteran,Senior,0.2384110234449981
EMP0072,25.0,11.0,3.0,3.0,180.0,7.0,27.0,Lead,0,Very High,Low,0.5833333333333334,Moderate,Mid,Young,0.4595323293784402
EMP0472,27.0,6.0,2.0,9.0,67.0,7.0,40.0,Lead,1,Low,Low,1.0,High,New,Young,0.6931471805599453
EMP0622,55.0,5.0,1.0,75.0,104.0,10.0,50.0,Mid,0,Moderate,Very High,1.6666666666666667,Very High,New,Senior,0.9808292530117262
EMP0514,22.0,24.0,3.0,76.0,182.0,3.0,79.0,Junior,0,Very High,Very High,0.12,Low,Veteran,Young,0.1133286853070031
EMP0198,27.0,7.0,2.0,66.0,64.0,14.0,17.0,Lead,0,Low,High,1.75,Very High,New,Young,1.01160091167848
EMP0283,28.0,19.0,1.0,62.0,89.0,6.0,32.0,Mid,0,Moderate,High,0.3,Low,Senior,Young,0.262364264467491
EMP0739,45.0,9.0,4.0,48.0,55.0,16.0,87.0,Junior,0,Low,Medium,1.6,Very High,Mid,Late Mid,0.9555114450274363
EMP0613,35.0,22.0,3.0,87.0,140.0,1.0,85.0,Lead,0,High,Very High,0.0434782608695652,Low,Senior,Early Mid,0.0425596144187959
EMP0246,57.0,13.0,1.0,66.0,130.0,2.0,93.0,Lead,0,High,High,0.1428571428571428,Low,Mid,Senior,0.1335313926245226
EMP0515,41.0,2.0,3.0,80.0,44.0,1.0,19.0,Junior,0,Low,Very High,0.3333333333333333,Low,New,Early Mid,0.2876820724517809
EMP0092,22.0,17.0,4.0,51.0,132.0,14.0,20.0,Junior,0,High,Medium,0.7777777777777778,High,Senior,Young,0.5753641449035618
EMP0846,51.0,11.0,5.0,23.0,190.0,13.0,70.0,Junior,0,Very High,Low,1.0833333333333333,High,Mid,Senior,0.7339691750802004
EMP0124,29.0,13.0,3.0,83.0,124.0,19.0,17.0,Junior,1,High,Very High,1.3571428571428572,Very High,Mid,Young,0.8574502318512216
EMP0132,46.0,24.0,4.0,21.0,59.0,11.0,57.0,Junior,0,Low,Low,0.44,Moderate,Veteran,Late Mid,0.3646431135879092
EMP0816,39.0,29.0,4.0,75.0,54.0,16.0,5.0,Senior,1,Low,Very High,0.5333333333333333,Moderate,Veteran,Early Mid,0.4274440148269396
EMP0302,41.0,25.0,4.0,86.0,172.0,13.0,58.0,Lead,0,Very High,Very High,0.5,Moderate,Veteran,Early Mid,0.4054651081081644
EMP0248,47.0,5.0,3.0,51.0,163.0,0.0,21.0,Junior,0,Very High,Medium,0.0,Low,New,Late Mid,0.0
EMP0001,24.0,21.0,2.0,44.0,42.0,19.0,61.0,Junior,0,Low,Medium,0.8636363636363636,High,Senior,Young,0.622529613345992
EMP0990,54.0,24.0,3.0,46.0,139.0,16.0,62.0,Junior,1,High,Medium,0.64,High,Veteran,Senior,0.494696241836107
EMP0549,56.0,11.0,3.0,41.0,199.0,7.0,6.0,Mid,0,Very High,Medium,0.5833333333333334,Moderate,Mid,Senior,0.4595323293784402
EMP0869,49.0,12.0,5.0,95.0,53.0,5.0,46.0,Junior,0,Low,Very High,0.3846153846153846,Moderate,Mid,Late Mid,0.325422400434628
EMP0531,31.0,23.0,1.0,43.0,130.0,19.0,33.0,Lead,1,High,Medium,0.7916666666666666,High,Veteran,Young,0.5831462853456167
EMP0418,41.0,1.0,1.0,86.0,51.0,10.0,82.0,Mid,1,Low,Very High,5.0,Very High,New,Early Mid,1.791759469228055
EMP0589,35.0,3.0,1.0,51.0,151.0,15.0,79.0,Junior,1,High,Medium,3.75,Very High,New,Early Mid,1.55814461804655
EMP0133,45.0,29.0,1.0,13.0,144.0,19.0,33.0,Senior,1,High,Low,0.6333333333333333,Moderate,Veteran,Late Mid,0.4906229164484712
EMP0123,47.0,3.0,1.0,34.0,43.0,2.0,81.0,Lead,0,Low,Medium,0.5,Moderate,New,Late Mid,0.4054651081081644
EMP0500,47.0,0.0,1.0,11.0,5.0,5.0,98.0,Junior,1,Very Low,Low,5.0,Very High,New,Late Mid,1.791759469228055
EMP0839,23.0,10.0,3.0,14.0,146.0,10.0,44.0,Junior,1,High,Low,0.9090909090909092,High,Mid,Young,0.6466271649250525
EMP0060,39.0,15.0,3.0,13.0,147.0,18.0,6.0,Mid,1,High,Low,1.125,High,Mid,Early Mid,0.7537718023763802
EMP0670,47.0,8.0,5.0,47.0,103.0,10.0,75.0,Lead,0,Moderate,Medium,1.1111111111111112,High,New,Late Mid,0.7472144018302211
EMP0909,47.0,2.0,3.0,4.0,95.0,0.0,51.0,Junior,0,Moderate,Low,0.0,Low,New,Late Mid,0.0
EMP0390,54.0,27.0,3.0,86.0,9.0,16.0,0.0,Mid,0,Very Low,Very High,0.5714285714285714,Moderate,Veteran,Senior,0.4519851237430572
EMP0280,29.0,16.0,3.0,35.0,105.0,12.0,52.0,Mid,0,Moderate,Medium,0.7058823529411765,High,Senior,Young,0.534082485930258
EMP0048,48.0,22.0,2.0,12.0,179.0,17.0,73.0,Senior,0,Very High,Low,0.7391304347826086,High,Senior,Late Mid,0.5533852381847866
EMP0368,49.0,0.0,3.0,49.0,199.0,4.0,17.0,Junior,1,Very High,Medium,4.0,Very High,New,Late Mid,1.6094379124341005
EMP0205,50.0,25.0,5.0,71.0,169.0,11.0,6.0,Junior,0,Very High,High,0.4230769230769231,Moderate,Veteran,Senior,0.3528213746227424
EMP1000,40.0,15.0,4.0,51.0,152.0,18.0,3.0,Senior,0,High,Medium,1.125,High,Mid,Early Mid,0.7537718023763802
EMP0954,58.0,11.0,2.0,48.0,110.0,1.0,25.0,Senior,1,Moderate,Medium,0.0833333333333333,Low,Mid,Senior,0.0800427076735364
EMP0734,27.0,16.0,5.0,46.0,64.0,7.0,92.0,Junior,0,Low,Medium,0.4117647058823529,Moderate,Senior,Young,0.3448404862917295
EMP0275,52.0,7.0,5.0,75.0,103.0,9.0,27.0,Junior,1,Moderate,Very High,1.125,High,New,Senior,0.7537718023763802
EMP0469,54.0,15.0,2.0,99.0,28.0,9.0,26.0,Senior,0,Very Low,Very High,0.5625,Moderate,Mid,Senior,0.4462871026284195
EMP0780,31.0,14.0,5.0,83.0,107.0,8.0,79.0,Lead,0,Moderate,Very High,0.5333333333333333,Moderate,Mid,Young,0.4274440148269396
EMP0319,49.0,18.0,3.0,48.0,96.0,7.0,95.0,Junior,0,Moderate,Medium,0.3684210526315789,Moderate,Senior,Late Mid,0.3136575588550416
EMP0360,51.0,14.0,3.0,46.0,34.0,18.0,1.0,Lead,0,Very Low,Medium,1.2,Very High,Mid,Senior,0.7884573603642702
EMP0966,38.0,17.0,3.0,28.0,177.0,2.0,61.0,Lead,0,Very High,Medium,0.1111111111111111,Low,Senior,Early Mid,0.1053605156578263
EMP0159,45.0,1.0,3.0,2.0,95.0,12.0,48.0,Senior,1,Moderate,Low,6.0,Very High,New,Late Mid,1.9459101490553128
EMP0131,39.0,24.0,5.0,75.0,39.0,4.0,13.0,Lead,0,Very Low,Very High,0.16,Low,Veteran,Early Mid,0.1484200051182732
EMP0785,23.0,26.0,2.0,25.0,100.0,2.0,26.0,Junior,0,Moderate,Low,0.074074074074074,Low,Veteran,Young,0.0714589639821449
EMP0053,29.0,8.0,2.0,24.0,92.0,12.0,46.0,Lead,1,Moderate,Low,1.3333333333333333,Very High,New,Young,0.8472978603872036
EMP0372,10.0,6.0,3.0,71.0,85.0,18.0,77.0,Mid,0,Low,High,2.571428571428572,Very High,New,Young,1.2729656758128876
EMP0923,24.0,19.0,5.0,3.0,16.0,6.0,51.0,Mid,1,Very Low,Low,0.3,Low,Senior,Young,0.262364264467491
EMP0152,47.0,24.0,1.0,33.0,120.0,18.0,44.0,Senior,0,High,Medium,0.72,High,Veteran,Late Mid,0.5423242908253616
EMP0497,28.0,10.0,3.0,33.0,130.0,5.0,14.0,Lead,0,High,Medium,0.4545454545454545,Moderate,Mid,Young,0.3746934494414107
EMP0423,37.0,9.0,3.0,74.0,14.0,8.0,23.0,Lead,1,Very Low,Very High,0.8,High,Mid,Early Mid,0.5877866649021191
EMP0620,29.0,27.0,3.0,91.0,8.0,3.0,82.0,Mid,0,Very Low,Very High,0.1071428571428571,Low,Veteran,Young,0.1017826943099423
EMP0336,50.0,23.0,3.0,53.0,141.0,13.0,57.0,Mid,1,High,High,0.5416666666666666,Moderate,Veteran,Senior,0.4328640822962788
EMP0020,24.0,2.0,1.0,62.0,36.0,12.0,73.0,Lead,1,Very Low,High,4.0,Very High,New,Young,1.6094379124341005
EMP0806,41.0,20.0,2.0,89.0,180.0,12.0,32.0,Mid,1,Very High,Very High,0.5714285714285714,Moderate,Senior,Early Mid,0.4519851237430572
EMP0789,51.0,26.0,2.0,74.0,79.0,7.0,36.0,Lead,0,Low,Very High,0.2592592592592592,Low,Veteran,Senior,0.2305236586118323
EMP0805,40.0,14.0,1.0,57.0,132.0,3.0,98.0,Junior,1,High,High,0.2,Low,Mid,Early Mid,0.1823215567939546
EMP0431,43.0,9.0,2.0,75.0,187.0,17.0,79.0,Mid,0,Very High,Very High,1.7,Very High,Mid,Late Mid,0.9932517730102834
EMP0570,27.0,24.0,2.0,95.0,184.0,2.0,35.0,Mid,0,Very High,Very High,0.08,Low,Veteran,Young,0.0769610411361283
EMP0615,35.0,8.0,2.0,17.0,65.0,15.0,52.0,Mid,0,Low,Low,1.6666666666666667,Very High,New,Early Mid,0.9808292530117262
EMP0040,44.0,13.0,4.0,63.0,170.0,10.0,78.0,Junior,0,Very High,High,0.7142857142857143,High,Mid,Late Mid,0.538996500732687
EMP0185,32.0,12.0,2.0,31.0,137.0,4.0,42.0,Senior,0,High,Medium,0.3076923076923077,Low,Mid,Young,0.2682639865946793
EMP0255,38.0,11.0,3.0,22.0,42.0,9.0,51.0,Mid,0,Low,Low,0.75,High,Mid,Early Mid,0.5596157879354227
EMP0827,25.0,18.0,5.0,79.0,88.0,4.0,19.0,Senior,0,Moderate,Very High,0.2105263157894736,Low,Senior,Young,0.1910552367627092
EMP0663,52.0,17.0,4.0,95.0,148.0,14.0,92.0,Junior,0,High,Very High,0.7777777777777778,High,Senior,Senior,0.5753641449035618
EMP0753,33.0,17.0,3.0,31.0,36.0,8.0,3.0,Lead,1,Very Low,Medium,0.4444444444444444,Moderate,Senior,Early Mid,0.3677247801253173
EMP0856,22.0,19.0,1.0,87.0,155.0,6.0,36.0,Senior,0,High,Very High,0.3,Low,Senior,Young,0.262364264467491
EMP0164,24.0,28.0,4.0,73.0,30.0,12.0,72.0,Senior,0,Very Low,High,0.4137931034482758,Moderate,Veteran,Young,0.3462762367178338
EMP0300,40.0,1.0,2.0,62.0,163.0,4.0,85.0,Lead,0,Very High,High,2.0,Very High,New,Early Mid,1.0986122886681096
EMP0776,58.0,6.0,4.0,42.0,35.0,10.0,76.0,Mid,0,Very Low,Medium,1.4285714285714286,Very High,New,Senior,0.8873031950009028
EMP0018,26.0,15.0,3.0,51.0,72.0,2.0,51.0,Junior,0,Low,Medium,0.125,Low,Mid,Young,0.1177830356563834
EMP0134,27.0,26.0,5.0,11.0,24.0,16.0,51.0,Lead,0,Very Low,Low,0.5925925925925926,Moderate,Veteran,Young,0.4653632496892333
EMP0339,50.0,12.0,3.0,4.0,63.0,13.0,17.0,Junior,0,Low,Low,1.0,High,Mid,Senior,0.6931471805599453
EMP0266,59.0,15.0,3.0,55.0,155.0,4.0,35.0,Mid,0,High,High,0.25,Low,Mid,Senior,0.2231435513142097
EMP0651,40.0,21.0,5.0,38.0,103.0,11.0,78.0,Junior,1,Moderate,Medium,0.5,Moderate,Senior,Early Mid,0.4054651081081644
EMP0964,27.0,26.0,2.0,51.0,110.0,15.0,93.0,Lead,1,Moderate,Medium,0.5555555555555556,Moderate,Veteran,Young,0.4418327522790392
EMP0200,26.0,1.0,2.0,22.0,103.0,6.0,90.0,Mid,1,Moderate,Low,3.0,Very High,New,Young,1.3862943611198906
EMP0121,34.0,11.0,5.0,13.0,51.0,17.0,46.0,Lead,0,Low,Low,1.4166666666666667,Very High,Mid,Early Mid,0.8823891801984738
EMP0611,32.0,27.0,1.0,95.0,35.0,7.0,83.0,Mid,0,Very Low,Very High,0.25,Low,Veteran,Young,0.2231435513142097
EMP0190,25.0,0.0,5.0,97.0,19.0,10.0,95.0,Mid,1,Very Low,Very High,10.0,Very High,New,Young,2.3978952727983707
EMP0315,29.0,12.0,2.0,58.0,153.0,6.0,77.0,Mid,0,High,High,0.4615384615384615,Moderate,Mid,Young,0.3794896217049037
EMP0758,48.0,5.0,1.0,2.0,133.0,17.0,74.0,Mid,0,High,Low,2.833333333333333,Very High,New,Late Mid,1.3437347467010947
EMP0711,42.0,5.0,4.0,96.0,145.0,18.0,63.0,Senior,0,High,Very High,3.0,Very High,New,Late Mid,1.3862943611198906
EMP0722,41.0,11.0,2.0,85.0,138.0,3.0,44.0,Senior,0,High,Very High,0.25,Low,Mid,Early Mid,0.2231435513142097
EMP0743,41.0,25.0,1.0,69.0,184.0,6.0,96.0,Mid,0,Very High,High,0.2307692307692307,Low,Veteran,Early Mid,0.2076393647782445
EMP0794,53.0,23.0,1.0,13.0,73.0,18.0,23.0,Junior,0,Low,Low,0.75,High,Veteran,Senior,0.5596157879354227
EMP0550,50.0,21.0,1.0,39.0,118.0,11.0,73.0,Junior,0,High,Medium,0.5,Moderate,Senior,Senior,0.4054651081081644
EMP0984,58.0,10.0,2.0,77.0,69.0,7.0,13.0,Mid,0,Low,Very High,0.6363636363636364,Moderate,Mid,Senior,0.4924764850977942
EMP0047,28.0,2.0,1.0,49.0,72.0,5.0,59.0,Junior,1,Low,Medium,1.6666666666666667,Very High,New,Young,0.9808292530117262
EMP0906,24.0,0.0,3.0,51.0,108.0,0.0,26.0,Lead,0,Moderate,Medium,0.0,Low,New,Young,0.0
EMP0167,27.0,3.0,4.0,6.0,83.0,8.0,8.0,Lead,1,Low,Low,2.0,Very High,New,Young,1.0986122886681096
EMP0742,56.0,13.0,5.0,56.0,180.0,10.0,4.0,Junior,0,Very High,High,0.7142857142857143,High,Mid,Senior,0.538996500732687
EMP0181,43.0,24.0,3.0,10.0,113.0,1.0,51.0,Lead,0,Moderate,Low,0.04,Low,Veteran,Late Mid,0.0392207131532812
EMP0017,38.0,27.0,1.0,69.0,31.0,10.0,68.0,Lead,0,Very Low,High,0.3571428571428571,Low,Veteran,Early Mid,0.3053816495511818
EMP0544,43.0,12.0,3.0,99.0,103.0,10.0,26.0,Mid,1,Moderate,Very High,0.7692307692307693,High,Mid,Late Mid,0.5705448584676129
EMP0051,36.0,2.0,2.0,53.0,94.0,13.0,13.0,Senior,0,Moderate,High,4.333333333333333,Very High,New,Early Mid,1.6739764335716716
EMP0971,54.0,18.0,5.0,29.0,10.0,9.0,75.0,Lead,0,Very Low,Medium,0.4736842105263157,Moderate,Senior,Senior,0.3877655310087634
EMP0838,42.0,20.0,1.0,18.0,103.0,17.0,33.0,Senior,0,Moderate,Low,0.8095238095238095,High,Senior,Late Mid,0.5930637220029628
EMP0548,49.0,17.0,2.0,56.0,99.0,7.0,25.0,Mid,1,Moderate,High,0.3888888888888889,Moderate,Senior,Late Mid,0.328504066972036
EMP0834,41.0,2.0,1.0,93.0,174.0,17.0,10.0,Senior,0,Very High,Very High,5.666666666666667,Very High,New,Early Mid,1.8971199848858813
EMP0508,52.0,25.0,3.0,36.0,56.0,19.0,40.0,Senior,0,Low,Medium,0.7307692307692307,High,Veteran,Senior,0.5485659517488377
EMP0296,24.0,1.0,5.0,8.0,8.0,5.0,97.0,Mid,1,Very Low,Low,2.5,Very High,New,Young,1.252762968495368
EMP0749,43.0,24.0,3.0,16.0,169.0,10.0,44.0,Mid,0,Very High,Low,0.4,Moderate,Veteran,Late Mid,0.3364722366212129
EMP0235,52.0,6.0,4.0,37.0,161.0,4.0,15.0,Mid,0,Very High,Medium,0.5714285714285714,Moderate,New,Senior,0.4519851237430572
EMP0028,43.0,15.0,3.0,51.0,40.0,14.0,12.0,Lead,0,Very Low,Medium,0.875,High,Mid,Late Mid,0.6286086594223741
EMP0848,59.0,0.0,2.0,61.0,131.0,10.0,97.0,Junior,0,High,High,10.0,Very High,New,Senior,2.3978952727983707
EMP0463,44.0,25.0,4.0,43.0,38.0,10.0,53.0,Junior,0,Very Low,Medium,0.3846153846153846,Moderate,Veteran,Late Mid,0.325422400434628
EMP0951,39.0,20.0,2.0,54.0,38.0,1.0,88.0,Mid,0,Very Low,High,0.0476190476190476,Low,Senior,Early Mid,0.0465200156348928
EMP0384,28.0,4.0,3.0,81.0,106.0,14.0,51.0,Lead,0,Moderate,Very High,2.8,Very High,New,Young,1.33500106673234
EMP0239,36.0,13.0,5.0,10.0,181.0,11.0,70.0,Mid,0,Very High,Low,0.7857142857142857,High,Mid,Early Mid,0.5798184952529422
EMP0039,32.0,7.0,5.0,51.0,28.0,15.0,41.0,Lead,1,Very Low,Medium,1.875,Very High,New,Young,1.0560526742493137
EMP0965,22.0,28.0,4.0,23.0,152.0,5.0,9.0,Junior,0,High,Low,0.1724137931034483,Low,Veteran,Young,0.1590646946296873
EMP0396,52.0,15.0,1.0,50.0,64.0,6.0,51.0,Junior,0,Low,Medium,0.375,Moderate,Mid,Senior,0.3184537311185346
EMP0496,51.0,18.0,4.0,85.0,66.0,19.0,19.0,Mid,0,Low,Very High,1.0,High,Senior,Senior,0.6931471805599453
EMP0968,24.0,28.0,1.0,97.0,37.0,16.0,65.0,Mid,0,Very Low,Very High,0.5517241379310345,Moderate,Veteran,Young,0.4393666597838457
EMP0847,38.0,14.0,1.0,85.0,12.0,13.0,97.0,Senior,0,Very Low,Very High,0.8666666666666667,High,Mid,Early Mid,0.6241543090729939
EMP0725,40.0,26.0,3.0,94.0,33.0,5.0,51.0,Lead,0,Very Low,Very High,0.1851851851851851,Low,Veteran,Early Mid,0.1698990367953974
EMP0204,58.0,25.0,2.0,92.0,68.0,10.0,40.0,Lead,0,Low,Very High,0.3846153846153846,Moderate,Veteran,Senior,0.325422400434628
EMP0851,58.0,23.0,5.0,98.0,104.0,13.0,11.0,Mid,0,Moderate,Very High,0.5416666666666666,Moderate,Veteran,Senior,0.4328640822962788
EMP0862,46.0,15.0,4.0,55.0,45.0,1.0,59.0,Senior,1,Low,High,0.0625,Low,Mid,Late Mid,0.0606246218164348
EMP0534,29.0,22.0,5.0,27.0,103.0,7.0,51.0,Senior,0,Moderate,Low,0.3043478260869565,Low,Senior,Young,0.2657031657330057
EMP0970,39.0,17.0,1.0,91.0,86.0,13.0,99.0,Lead,0,Low,Very High,0.7222222222222222,High,Senior,Early Mid,0.5436154465889815
EMP0828,53.0,6.0,1.0,23.0,120.0,9.0,43.0,Lead,0,High,Low,1.2857142857142858,Very High,New,Senior,0.8266785731844679
EMP0614,46.0,23.0,5.0,87.0,25.0,11.0,79.0,Junior,0,Very Low,Very High,0.4583333333333333,Moderate,Veteran,Late Mid,0.377294231141468
EMP0969,41.0,23.0,1.0,67.0,103.0,2.0,17.0,Mid,0,Moderate,High,0.0833333333333333,Low,Veteran,Early Mid,0.0800427076735364
EMP0172,32.0,24.0,5.0,10.0,173.0,3.0,79.0,Junior,1,Very High,Low,0.12,Low,Veteran,Young,0.1133286853070031
EMP0699,54.0,6.0,2.0,86.0,57.0,6.0,45.0,Mid,1,Low,Very High,0.8571428571428571,High,New,Senior,0.6190392084062234
EMP0162,27.0,15.0,1.0,10.0,125.0,9.0,25.0,Lead,1,High,Low,0.5625,Moderate,Mid,Young,0.4462871026284195
EMP0760,38.0,11.0,1.0,71.0,117.0,2.0,51.0,Lead,0,Moderate,High,0.1666666666666666,Low,Mid,Early Mid,0.1541506798272583
EMP0697,39.0,18.0,4.0,62.0,63.0,4.0,19.0,Mid,1,Low,High,0.2105263157894736,Low,Senior,Early Mid,0.1910552367627092
EMP0754,58.0,16.0,2.0,62.0,83.0,12.0,24.0,Mid,0,Low,High,0.7058823529411765,High,Senior,Senior,0.534082485930258
EMP0117,23.0,27.0,4.0,52.0,132.0,8.0,2.0,Lead,0,High,High,0.2857142857142857,Low,Veteran,Young,0.251314428280906
EMP0236,29.0,23.0,2.0,62.0,189.0,10.0,56.0,Junior,0,Very High,High,0.4166666666666667,Moderate,Veteran,Young,0.3483066942682158
EMP0682,37.0,21.0,3.0,40.0,171.0,0.0,10.0,Lead,0,Very High,Medium,0.0,Low,Senior,Early Mid,0.0
EMP0107,35.0,26.0,1.0,95.0,118.0,19.0,51.0,Lead,0,High,Very High,0.7037037037037037,High,Veteran,Early Mid,0.532804530484766
EMP0445,59.0,27.0,2.0,55.0,166.0,2.0,94.0,Mid,1,Very High,High,0.0714285714285714,Low,Veteran,Senior,0.0689928714869514
EMP0443,48.0,0.0,1.0,23.0,110.0,10.0,47.0,Senior,1,Moderate,Low,10.0,Very High,New,Late Mid,2.3978952727983707
EMP0905,27.0,0.0,3.0,32.0,138.0,5.0,50.0,Lead,0,High,Medium,5.0,Very High,New,Young,1.791759469228055
EMP0621,46.0,13.0,5.0,72.0,91.0,8.0,89.0,Lead,1,Moderate,High,0.5714285714285714,Moderate,Mid,Late Mid,0.4519851237430572
EMP0779,31.0,24.0,4.0,94.0,61.0,8.0,55.0,Junior,1,Low,Very High,0.32,Low,Veteran,Young,0.2776317365982795
EMP0126,23.0,4.0,1.0,68.0,179.0,6.0,31.0,Mid,0,Very High,High,1.2,Very High,New,Young,0.7884573603642702
EMP0056,47.0,10.0,4.0,54.0,189.0,3.0,21.0,Junior,0,Very High,High,0.2727272727272727,Low,Mid,Late Mid,0.241162056816888
EMP0161,41.0,20.0,1.0,69.0,76.0,14.0,21.0,Senior,0,Low,High,0.6666666666666666,High,Senior,Early Mid,0.5108256237659907
EMP0427,36.0,22.0,3.0,95.0,117.0,2.0,51.0,Junior,0,Moderate,Very High,0.0869565217391304,Low,Senior,Early Mid,0.083381608939051
EMP0942,25.0,20.0,1.0,34.0,93.0,15.0,60.0,Senior,0,Moderate,Medium,0.7142857142857143,High,Senior,Young,0.538996500732687
EMP0217,42.0,10.0,1.0,51.0,174.0,2.0,89.0,Mid,1,Very High,Medium,0.1818181818181818,Low,Mid,Late Mid,0.1670540846631662
EMP0884,38.0,7.0,2.0,99.0,161.0,1.0,75.0,Mid,1,Very High,Very High,0.125,Low,New,Early Mid,0.1177830356563834
EMP0761,49.0,2.0,3.0,54.0,198.0,15.0,78.0,Senior,0,Very High,High,5.0,Very High,New,Late Mid,1.791759469228055
EMP0009,31.0,6.0,2.0,75.0,184.0,19.0,36.0,Junior,0,Very High,Very High,2.7142857142857144,Very High,New,Young,1.312186388966169
EMP0804,28.0,2.0,3.0,18.0,4.0,10.0,97.0,Mid,0,Very Low,Low,3.333333333333333,Very High,New,Young,1.4663370687934272
EMP0038,56.0,13.0,5.0,51.0,82.0,17.0,21.0,Junior,1,Low,Medium,1.2142857142857142,Very High,Mid,Senior,0.7949298748698876
EMP0478,31.0,27.0,5.0,32.0,53.0,8.0,43.0,Lead,1,Low,Medium,0.2857142857142857,Low,Veteran,Young,0.251314428280906
EMP0264,56.0,16.0,1.0,76.0,103.0,10.0,38.0,Junior,0,Moderate,Very High,0.5882352941176471,Moderate,Senior,Senior,0.462623521948113
EMP0317,46.0,27.0,1.0,29.0,135.0,16.0,81.0,Mid,0,High,Medium,0.5714285714285714,Moderate,Veteran,Late Mid,0.4519851237430572
EMP0993,29.0,17.0,4.0,94.0,175.0,2.0,51.0,Senior,0,Very High,Very High,0.1111111111111111,Low,Senior,Young,0.1053605156578263
EMP0606,57.0,24.0,1.0,6.0,54.0,18.0,51.0,Senior,0,Low,Low,0.72,High,Veteran,Senior,0.5423242908253616
EMP0660,58.0,8.0,5.0,50.0,162.0,18.0,87.0,Junior,0,Very High,Medium,2.0,Very High,New,Senior,1.0986122886681096
EMP0707,57.0,15.0,5.0,52.0,170.0,16.0,85.0,Senior,1,Very High,High,1.0,High,Mid,Senior,0.6931471805599453
EMP0861,53.0,2.0,5.0,9.0,23.0,18.0,73.0,Senior,0,Very Low,Low,6.0,Very High,New,Senior,1.9459101490553128
EMP0274,59.0,27.0,4.0,79.0,184.0,17.0,31.0,Junior,1,Very High,Very High,0.6071428571428571,Moderate,Veteran,Senior,0.4744579795951158
EMP0646,54.0,5.0,3.0,51.0,56.0,7.0,51.0,Mid,0,Low,Medium,1.1666666666666667,Very High,New,Senior,0.7731898882334818
EMP0311,42.0,13.0,5.0,12.0,172.0,16.0,91.0,Lead,0,Very High,Low,1.1428571428571428,High,Mid,Late Mid,0.7621400520468967
EMP0438,54.0,15.0,4.0,8.0,49.0,14.0,47.0,Mid,0,Low,Low,0.875,High,Mid,Senior,0.6286086594223741
EMP0160,58.0,28.0,2.0,53.0,32.0,3.0,35.0,Lead,0,Very Low,High,0.1034482758620689,Low,Veteran,Senior,0.0984400728132525
EMP0787,41.0,15.0,1.0,77.0,32.0,15.0,38.0,Senior,1,Very Low,Very High,0.9375,High,Mid,Early Mid,0.661398482245365
EMP0679,42.0,19.0,5.0,81.0,82.0,17.0,36.0,Senior,1,Low,Very High,0.85,High,Senior,Late Mid,0.6151856390902335
EMP0886,35.0,24.0,3.0,68.0,120.0,17.0,34.0,Junior,0,High,High,0.68,High,Veteran,Early Mid,0.5187937934151676
EMP0584,41.0,29.0,1.0,95.0,34.0,1.0,51.0,Junior,1,Very Low,Very High,0.0333333333333333,Low,Veteran,Early Mid,0.0327898228229908
EMP0819,23.0,29.0,2.0,44.0,186.0,10.0,20.0,Senior,0,Very High,Medium,0.3333333333333333,Low,Veteran,Young,0.2876820724517809
EMP0516,46.0,10.0,4.0,66.0,105.0,4.0,71.0,Mid,1,Moderate,High,0.3636363636363636,Moderate,Mid,Late Mid,0.3101549283038395
EMP0157,43.0,16.0,2.0,51.0,164.0,8.0,73.0,Junior,0,Very High,Medium,0.4705882352941176,Moderate,Senior,Late Mid,0.3856624808119847
EMP0156,36.0,20.0,2.0,98.0,129.0,15.0,44.0,Lead,1,High,Very High,0.7142857142857143,High,Senior,Early Mid,0.538996500732687
EMP0719,51.0,10.0,2.0,11.0,103.0,13.0,51.0,Mid,0,Moderate,Low,1.181818181818182,Very High,Mid,Senior,0.7801585575495751
EMP0982,41.0,9.0,5.0,13.0,13.0,4.0,38.0,Mid,0,Very Low,Low,0.4,Moderate,Mid,Early Mid,0.3364722366212129
EMP0738,35.0,3.0,4.0,36.0,106.0,17.0,44.0,Senior,1,Moderate,Medium,4.25,Very High,New,Early Mid,1.6582280766035324
EMP0701,45.0,0.0,5.0,49.0,95.0,6.0,90.0,Junior,1,Moderate,Medium,6.0,Very High,New,Late Mid,1.9459101490553128
EMP0367,48.0,26.0,2.0,20.0,103.0,8.0,84.0,Mid,0,Moderate,Low,0.2962962962962963,Low,Veteran,Late Mid,0.2595111954850846
EMP0489,56.0,23.0,2.0,72.0,48.0,19.0,12.0,Mid,0,Low,High,0.7916666666666666,High,Veteran,Senior,0.5831462853456167
EMP0342,53.0,7.0,4.0,66.0,44.0,2.0,31.0,Lead,0,Low,High,0.25,Low,New,Senior,0.2231435513142097
EMP0196,40.0,1.0,1.0,94.0,54.0,1.0,51.0,Lead,0,Low,Very High,0.5,Moderate,New,Early Mid,0.4054651081081644
EMP0130,25.0,7.0,1.0,5.0,117.0,12.0,32.0,Mid,1,Moderate,Low,1.5,Very High,New,Young,0.9162907318741552
EMP0849,42.0,25.0,2.0,80.0,12.0,6.0,51.0,Junior,1,Very Low,Very High,0.2307692307692307,Low,Veteran,Late Mid,0.2076393647782445
EMP0644,25.0,28.0,1.0,32.0,194.0,15.0,79.0,Junior,0,Very High,Medium,0.5172413793103449,Moderate,Veteran,Young,0.4168938039317871
EMP0153,49.0,13.0,4.0,1.0,38.0,14.0,50.0,Lead,1,Very Low,Low,1.0,High,Mid,Late Mid,0.6931471805599453
EMP0958,43.0,14.0,4.0,93.0,46.0,16.0,67.0,Junior,1,Low,Very High,1.0666666666666669,High,Mid,Late Mid,0.7259370033829362
EMP0207,41.0,28.0,3.0,20.0,181.0,11.0,62.0,Mid,0,Very High,Low,0.3793103448275862,Moderate,Veteran,Early Mid,0.3215836241274623
EMP0645,46.0,17.0,5.0,77.0,103.0,4.0,70.0,Senior,0,Moderate,Very High,0.2222222222222222,Low,Senior,Late Mid,0.2006706954621511
EMP0292,24.0,21.0,5.0,96.0,40.0,17.0,90.0,Junior,0,Very Low,Very High,0.7727272727272727,High,Senior,Young,0.5725191927713306
EMP0307,49.0,9.0,3.0,39.0,27.0,11.0,19.0,Mid,0,Very Low,Medium,1.1,High,Mid,Late Mid,0.7419373447293773
EMP0424,26.0,6.0,1.0,59.0,175.0,16.0,51.0,Lead,0,Very High,High,2.2857142857142856,Very High,New,Young,1.1895840668738362
EMP0129,55.0,1.0,5.0,47.0,62.0,19.0,24.0,Lead,0,Low,Medium,9.5,Very High,New,Senior,2.3513752571634776
EMP0193,28.0,25.0,5.0,79.0,65.0,17.0,78.0,Lead,0,Low,Very High,0.6538461538461539,High,Veteran,Young,0.5031035776720804
EMP0212,50.0,4.0,5.0,6.0,135.0,18.0,40.0,Junior,1,High,Low,3.6,Very High,New,Senior,1.5260563034950494
EMP0464,44.0,6.0,4.0,76.0,32.0,17.0,6.0,Mid,0,Very Low,Very High,2.4285714285714284,Very High,New,Late Mid,1.2321436812926323
EMP0256,52.0,14.0,1.0,35.0,193.0,12.0,14.0,Mid,0,Very High,Medium,0.8,High,Mid,Senior,0.5877866649021191
EMP0439,52.0,23.0,3.0,39.0,75.0,5.0,51.0,Senior,1,Low,Medium,0.2083333333333333,Low,Veteran,Senior,0.1892419996385284
EMP0764,50.0,3.0,5.0,15.0,163.0,15.0,83.0,Mid,0,Very High,Low,3.75,Very High,New,Senior,1.55814461804655
EMP0767,59.0,13.0,3.0,73.0,131.0,6.0,91.0,Mid,0,High,High,0.4285714285714285,Moderate,Mid,Senior,0.3566749439387323
EMP0946,33.0,7.0,4.0,3.0,56.0,13.0,95.0,Mid,0,Low,Low,1.625,Very High,New,Early Mid,0.965080896043587
EMP0136,59.0,15.0,4.0,81.0,131.0,18.0,23.0,Mid,1,High,Very High,1.125,High,Mid,Senior,0.7537718023763802
EMP0676,30.0,26.0,1.0,59.0,93.0,15.0,34.0,Mid,0,Moderate,High,0.5555555555555556,Moderate,Veteran,Young,0.4418327522790392
EMP0426,41.0,1.0,1.0,31.0,145.0,14.0,64.0,Junior,0,High,Medium,7.0,Very High,New,Early Mid,2.079441541679836
EMP0783,44.0,17.0,1.0,56.0,80.0,18.0,51.0,Lead,0,Low,High,1.0,High,Senior,Late Mid,0.6931471805599453
EMP0769,30.0,5.0,2.0,37.0,139.0,14.0,12.0,Junior,1,High,Medium,2.333333333333333,Very High,New,Young,1.203972804325936
EMP0910,43.0,10.0,1.0,53.0,130.0,8.0,0.0,Mid,0,High,High,0.7272727272727273,High,Mid,Late Mid,0.5465437063680699
EMP0229,44.0,9.0,2.0,66.0,186.0,8.0,86.0,Lead,0,Very High,High,0.8,High,Mid,Late Mid,0.5877866649021191
EMP0680,39.0,16.0,2.0,33.0,103.0,2.0,38.0,Junior,1,Moderate,Medium,0.1176470588235294,Low,Senior,Early Mid,0.1112256351102243
EMP0912,51.0,0.0,2.0,57.0,3.0,19.0,94.0,Mid,1,Very Low,High,19.0,Very High,New,Senior,2.995732273553991
EMP0751,36.0,9.0,4.0,39.0,164.0,19.0,88.0,Lead,0,Very High,Medium,1.9,Very High,Mid,Early Mid,1.0647107369924282
EMP0803,25.0,10.0,5.0,31.0,19.0,9.0,85.0,Mid,0,Very Low,Medium,0.8181818181818182,High,Mid,Young,0.5978370007556205
EMP0997,30.0,13.0,3.0,15.0,166.0,13.0,19.0,Mid,0,Very High,Low,0.9285714285714286,High,Mid,Young,0.6567795363890705
EMP0662,53.0,8.0,4.0,29.0,176.0,6.0,46.0,Lead,0,Very High,Medium,0.6666666666666666,High,New,Senior,0.5108256237659907
EMP0836,29.0,18.0,4.0,40.0,145.0,17.0,74.0,Mid,1,High,Medium,0.8947368421052632,High,Senior,Young,0.6390799592896695
EMP0759,46.0,10.0,1.0,48.0,109.0,1.0,30.0,Senior,0,Moderate,Medium,0.0909090909090909,Low,Mid,Late Mid,0.0870113769896297
EMP0409,29.0,8.0,3.0,98.0,7.0,5.0,36.0,Mid,0,Very Low,Very High,0.5555555555555556,Moderate,New,Young,0.4418327522790392
EMP0972,47.0,16.0,4.0,84.0,71.0,19.0,37.0,Senior,1,Low,Very High,1.1176470588235294,High,Senior,Late Mid,0.750305594399894
EMP0542,24.0,25.0,5.0,39.0,94.0,13.0,69.0,Senior,0,Moderate,Medium,0.5,Moderate,Veteran,Young,0.4054651081081644
EMP0279,48.0,6.0,5.0,14.0,143.0,19.0,89.0,Lead,0,High,Low,2.7142857142857144,Very High,New,Late Mid,1.312186388966169
EMP0833,24.0,29.0,2.0,27.0,128.0,2.0,66.0,Mid,1,High,Low,0.0666666666666666,Low,Veteran,Young,0.0645385211375711
EMP0467,53.0,1.0,5.0,70.0,162.0,5.0,84.0,Senior,1,Very High,High,2.5,Very High,New,Senior,1.252762968495368
EMP0524,27.0,15.0,3.0,81.0,190.0,5.0,29.0,Mid,0,Very High,Very High,0.3125,Low,Mid,Young,0.2719337154836417
EMP0118,52.0,12.0,2.0,47.0,2.0,14.0,16.0,Senior,0,Very Low,Medium,1.0769230769230769,High,Mid,Senior,0.7308875085427923
EMP0736,43.0,18.0,5.0,88.0,41.0,8.0,67.0,Senior,0,Very Low,Very High,0.4210526315789473,Moderate,Senior,Late Mid,0.3513978868378886
EMP0242,59.0,10.0,5.0,66.0,93.0,1.0,48.0,Lead,0,Moderate,High,0.0909090909090909,Low,Mid,Senior,0.0870113769896297
EMP0898,30.0,2.0,3.0,8.0,98.0,16.0,13.0,Lead,0,Moderate,Low,5.333333333333333,Very High,New,Young,1.8458266904983307
EMP0643,37.0,2.0,5.0,38.0,170.0,14.0,52.0,Mid,0,Very High,Medium,4.666666666666667,Very High,New,Early Mid,1.7346010553881064
EMP0715,42.0,10.0,2.0,91.0,45.0,14.0,73.0,Senior,0,Low,Very High,1.2727272727272727,Very High,Mid,Late Mid,0.8209805520698302
EMP0395,55.0,11.0,4.0,41.0,165.0,4.0,35.0,Mid,1,Very High,Medium,0.3333333333333333,Low,Mid,Senior,0.2876820724517809
EMP0981,36.0,9.0,4.0,95.0,139.0,13.0,12.0,Lead,1,High,Very High,1.3,Very High,Mid,Early Mid,0.832909122935104
EMP0840,55.0,23.0,1.0,11.0,172.0,8.0,41.0,Junior,0,Very High,Low,0.3333333333333333,Low,Veteran,Senior,0.2876820724517809
EMP0243,23.0,2.0,5.0,48.0,127.0,18.0,93.0,Junior,0,High,Medium,6.0,Very High,New,Young,1.9459101490553128
EMP0784,28.0,7.0,3.0,39.0,21.0,14.0,51.0,Senior,0,Very Low,Medium,1.75,Very High,New,Young,1.01160091167848
EMP0720,54.0,1.0,5.0,32.0,134.0,4.0,36.0,Junior,0,High,Medium,2.0,Very High,New,Senior,1.0986122886681096
EMP0332,27.0,5.0,4.0,44.0,178.0,7.0,28.0,Junior,0,Very High,Medium,1.1666666666666667,Very High,New,Young,0.7731898882334818
EMP0689,47.0,22.0,3.0,36.0,191.0,18.0,30.0,Mid,0,Very High,Medium,0.782608695652174,High,Senior,Late Mid,0.5780778507751582
EMP0434,34.0,9.0,5.0,18.0,18.0,15.0,48.0,Mid,1,Very Low,Low,1.5,Very High,Mid,Early Mid,0.9162907318741552
EMP0896,29.0,3.0,5.0,93.0,191.0,1.0,68.0,Senior,0,Very High,Very High,0.25,Low,New,Young,0.2231435513142097
EMP0756,52.0,4.0,1.0,29.0,139.0,13.0,77.0,Lead,0,High,Medium,2.6,Very High,New,Senior,1.2809338454620645
EMP0377,48.0,19.0,3.0,97.0,106.0,14.0,23.0,Junior,0,Moderate,Very High,0.7,High,Senior,Late Mid,0.5306282510621704
EMP0269,41.0,15.0,2.0,76.0,40.0,15.0,74.0,Lead,1,Very Low,Very High,0.9375,High,Mid,Early Mid,0.661398482245365
EMP0665,22.0,16.0,5.0,0.0,65.0,2.0,30.0,Senior,1,Low,Low,0.1176470588235294,Low,Senior,Young,0.1112256351102243
EMP0671,32.0,27.0,2.0,33.0,3.0,11.0,88.0,Senior,1,Very Low,Medium,0.3928571428571428,Moderate,Veteran,Young,0.3313571359544425
EMP0295,36.0,7.0,2.0,44.0,196.0,4.0,16.0,Junior,0,Very High,Medium,0.5,Moderate,New,Early Mid,0.4054651081081644
EMP0399,40.0,21.0,5.0,62.0,164.0,1.0,85.0,Junior,0,Very High,High,0.0454545454545454,Low,Senior,Early Mid,0.0444517625708338
EMP0407,51.0,9.0,1.0,84.0,102.0,19.0,69.0,Mid,0,Moderate,Very High,1.9,Very High,Mid,Senior,1.0647107369924282
EMP0234,41.0,3.0,1.0,45.0,36.0,13.0,51.0,Lead,0,Very Low,Medium,3.25,Very High,New,Early Mid,1.4469189829363254
EMP0953,24.0,15.0,5.0,61.0,14.0,14.0,40.0,Junior,0,Very Low,High,0.875,High,Mid,Young,0.6286086594223741
EMP0882,44.0,26.0,5.0,11.0,145.0,7.0,18.0,Mid,0,High,Low,0.2592592592592592,Low,Veteran,Late Mid,0.2305236586118323
EMP0499,29.0,16.0,5.0,42.0,62.0,5.0,91.0,Lead,0,Low,Medium,0.2941176470588235,Low,Senior,Young,0.2578291093020998
EMP0366,57.0,5.0,3.0,0.0,70.0,10.0,48.0,Lead,1,Low,Low,1.6666666666666667,Very High,New,Senior,0.9808292530117262
EMP0537,43.0,2.0,4.0,51.0,199.0,6.0,43.0,Mid,1,Very High,Medium,2.0,Very High,New,Late Mid,1.0986122886681096
EMP0678,41.0,2.0,3.0,58.0,118.0,4.0,5.0,Mid,0,High,High,1.3333333333333333,Very High,New,Early Mid,0.8472978603872036
EMP0987,41.0,4.0,3.0,67.0,97.0,1.0,21.0,Junior,0,Moderate,High,0.2,Low,New,Early Mid,0.1823215567939546
EMP0925,26.0,21.0,1.0,51.0,113.0,19.0,39.0,Senior,0,Moderate,Medium,0.8636363636363636,High,Senior,Young,0.622529613345992
EMP0902,47.0,3.0,3.0,62.0,177.0,15.0,8.0,Lead,0,Very High,High,3.75,Very High,New,Late Mid,1.55814461804655
EMP0656,45.0,13.0,4.0,7.0,107.0,1.0,2.0,Senior,0,Moderate,Low,0.0714285714285714,Low,Mid,Late Mid,0.0689928714869514
EMP0852,38.0,19.0,5.0,90.0,115.0,10.0,12.0,Junior,0,Moderate,Very High,0.5,Moderate,Senior,Early Mid,0.4054651081081644
EMP0685,51.0,15.0,1.0,73.0,32.0,9.0,98.0,Senior,0,Very Low,High,0.5625,Moderate,Mid,Senior,0.4462871026284195
EMP0843,28.0,26.0,1.0,8.0,133.0,10.0,22.0,Senior,0,High,Low,0.3703703703703703,Moderate,Veteran,Young,0.3150810466398953
EMP0591,25.0,27.0,5.0,51.0,143.0,19.0,67.0,Lead,0,High,Medium,0.6785714285714286,High,Veteran,Young,0.5179430915348546
EMP0957,49.0,19.0,2.0,27.0,138.0,19.0,49.0,Junior,0,High,Low,0.95,High,Senior,Late Mid,0.6678293725756554
EMP0612,37.0,28.0,3.0,22.0,12.0,17.0,55.0,Lead,0,Very Low,Low,0.5862068965517241,Moderate,Veteran,Early Mid,0.4613455665026209
EMP0089,44.0,10.0,4.0,6.0,9.0,9.0,32.0,Senior,1,Very Low,Low,0.8181818181818182,High,Mid,Late Mid,0.5978370007556205
EMP0252,51.0,16.0,2.0,41.0,168.0,8.0,71.0,Senior,0,Very High,Medium,0.4705882352941176,Moderate,Senior,Senior,0.3856624808119847
EMP0744,49.0,10.0,4.0,39.0,108.0,7.0,21.0,Mid,0,Moderate,Medium,0.6363636363636364,Moderate,Mid,Late Mid,0.4924764850977942
EMP0169,37.0,26.0,3.0,51.0,161.0,2.0,98.0,Senior,0,Very High,Medium,0.074074074074074,Low,Veteran,Early Mid,0.0714589639821449
EMP0557,25.0,3.0,3.0,66.0,73.0,5.0,74.0,Senior,0,Low,High,1.25,Very High,New,Young,0.8109302162163288
EMP0037,33.0,20.0,4.0,64.0,79.0,10.0,19.0,Lead,0,Low,High,0.4761904761904761,Moderate,Senior,Early Mid,0.3894647667617232
EMP0574,50.0,1.0,3.0,98.0,177.0,9.0,88.0,Junior,0,Very High,Very High,4.5,Very High,New,Senior,1.7047480922384253
EMP0180,45.0,4.0,2.0,9.0,187.0,10.0,35.0,Junior,0,Very High,Low,2.0,Very High,New,Late Mid,1.0986122886681096
EMP0696,41.0,15.0,4.0,63.0,118.0,10.0,20.0,Senior,1,High,High,0.625,Moderate,Mid,Early Mid,0.4855078157817007
EMP0887,37.0,6.0,2.0,17.0,86.0,9.0,28.0,Mid,0,Low,Low,1.2857142857142858,Very High,New,Early Mid,0.8266785731844679
EMP0854,32.0,15.0,5.0,97.0,80.0,5.0,76.0,Senior,1,Low,Very High,0.3125,Low,Mid,Young,0.2719337154836417
EMP0844,36.0,3.0,2.0,51.0,3.0,8.0,4.0,Mid,1,Very Low,Medium,2.0,Very High,New,Early Mid,1.0986122886681096
EMP0941,32.0,0.0,1.0,51.0,187.0,8.0,15.0,Lead,1,Very High,Medium,8.0,Very High,New,Young,2.19722457733622
EMP0781,56.0,29.0,2.0,7.0,29.0,10.0,55.0,Lead,0,Very Low,Low,0.3333333333333333,Low,Veteran,Senior,0.2876820724517809
EMP0099,29.0,2.0,2.0,21.0,125.0,9.0,31.0,Junior,0,High,Low,3.0,Very High,New,Young,1.3862943611198906
EMP0598,48.0,6.0,4.0,33.0,115.0,10.0,87.0,Mid,0,Moderate,Medium,1.4285714285714286,Very High,New,Late Mid,0.8873031950009028
EMP0250,51.0,0.0,5.0,79.0,21.0,2.0,61.0,Mid,0,Very Low,Very High,2.0,Very High,New,Senior,1.0986122886681096
EMP0790,46.0,18.0,5.0,51.0,25.0,10.0,70.0,Junior,0,Very Low,Medium,0.5263157894736842,Moderate,Senior,Late Mid,0.4228568508200335
EMP0609,52.0,19.0,5.0,48.0,75.0,5.0,27.0,Lead,0,Low,Medium,0.25,Low,Senior,Senior,0.2231435513142097
EMP0735,45.0,15.0,3.0,89.0,129.0,6.0,96.0,Lead,1,High,Very High,0.375,Moderate,Mid,Late Mid,0.3184537311185346
EMP0486,52.0,22.0,4.0,51.0,105.0,10.0,80.0,Mid,0,Moderate,Medium,0.4347826086956521,Moderate,Senior,Senior,0.3610133455373305
EMP0588,44.0,22.0,4.0,35.0,167.0,1.0,16.0,Mid,0,Very High,Medium,0.0434782608695652,Low,Senior,Late Mid,0.0425596144187959
EMP0875,41.0,19.0,5.0,7.0,124.0,1.0,15.0,Mid,1,High,Low,0.05,Low,Senior,Early Mid,0.048790164169432
EMP0216,38.0,15.0,3.0,36.0,30.0,9.0,84.0,Senior,1,Very Low,Medium,0.5625,Moderate,Mid,Early Mid,0.4462871026284195
EMP0415,25.0,10.0,4.0,67.0,103.0,0.0,92.0,Junior,1,Moderate,High,0.0,Low,Mid,Young,0.0
EMP0420,48.0,25.0,1.0,40.0,194.0,6.0,71.0,Mid,1,Very High,Medium,0.2307692307692307,Low,Veteran,Late Mid,0.2076393647782445
EMP0815,41.0,5.0,5.0,39.0,176.0,18.0,87.0,Mid,0,Very High,Medium,3.0,Very High,New,Early Mid,1.3862943611198906
EMP0845,30.0,4.0,5.0,30.0,1.0,13.0,62.0,Junior,1,Very Low,Medium,2.6,Very High,New,Young,1.2809338454620645
EMP0227,23.0,28.0,3.0,22.0,85.0,9.0,70.0,Senior,0,Low,Low,0.3103448275862069,Low,Veteran,Young,0.2702903297399117
EMP0005,41.0,15.0,4.0,64.0,57.0,16.0,59.0,Junior,0,Low,High,1.0,High,Mid,Early Mid,0.6931471805599453
EMP0817,26.0,6.0,1.0,69.0,18.0,18.0,21.0,Junior,1,Very Low,High,2.571428571428572,Very High,New,Young,1.2729656758128876
EMP0681,41.0,20.0,4.0,72.0,49.0,15.0,76.0,Junior,0,Low,High,0.7142857142857143,High,Senior,Early Mid,0.538996500732687
EMP0937,36.0,14.0,3.0,88.0,175.0,6.0,4.0,Senior,0,Very High,Very High,0.4,Moderate,Mid,Early Mid,0.3364722366212129
EMP0648,36.0,21.0,3.0,22.0,76.0,11.0,13.0,Senior,1,Low,Low,0.5,Moderate,Senior,Early Mid,0.4054651081081644
EMP0786,59.0,14.0,5.0,51.0,103.0,11.0,68.0,Mid,0,Moderate,Medium,0.7333333333333333,High,Mid,Senior,0.550046336919272
EMP0580,39.0,15.0,1.0,75.0,118.0,10.0,76.0,Senior,0,High,Very High,0.625,Moderate,Mid,Early Mid,0.4855078157817007
EMP0772,30.0,22.0,4.0,71.0,73.0,10.0,73.0,Senior,0,Low,High,0.4347826086956521,Moderate,Senior,Young,0.3610133455373305
EMP0728,38.0,17.0,1.0,56.0,33.0,4.0,69.0,Mid,0,Very Low,High,0.2222222222222222,Low,Senior,Early Mid,0.2006706954621511
EMP0102,34.0,27.0,4.0,39.0,141.0,5.0,79.0,Mid,0,High,Medium,0.1785714285714285,Low,Veteran,Early Mid,0.1643030512912763
EMP0774,58.0,8.0,2.0,91.0,60.0,14.0,56.0,Lead,1,Low,Very High,1.5555555555555556,Very High,New,Senior,0.9382696385929304
EMP0608,27.0,10.0,4.0,1.0,44.0,11.0,82.0,Lead,1,Low,Low,1.0,High,Mid,Young,0.6931471805599453
EMP0430,43.0,20.0,3.0,54.0,35.0,9.0,93.0,Senior,0,Very Low,High,0.4285714285714285,Moderate,Senior,Late Mid,0.3566749439387323
EMP0533,47.0,26.0,4.0,78.0,83.0,17.0,35.0,Senior,1,Low,Very High,0.6296296296296297,Moderate,Veteran,Late Mid,0.4883527679139321
EMP0050,28.0,14.0,4.0,29.0,103.0,19.0,98.0,Senior,1,Moderate,Medium,1.2666666666666666,Very High,Mid,Young,0.8183103235139513
EMP0034,25.0,23.0,1.0,1.0,56.0,18.0,75.0,Senior,0,Low,Low,0.75,High,Veteran,Young,0.5596157879354227
EMP0829,41.0,10.0,3.0,52.0,40.0,2.0,4.0,Mid,0,Very Low,High,0.1818181818181818,Low,Mid,Early Mid,0.1670540846631662
EMP0210,36.0,8.0,4.0,64.0,89.0,7.0,24.0,Senior,1,Moderate,High,0.7777777777777778,High,New,Early Mid,0.5753641449035618
EMP0143,39.0,24.0,3.0,97.0,180.0,16.0,95.0,Junior,1,Very High,Very High,0.64,High,Veteran,Early Mid,0.494696241836107
EMP0029,52.0,13.0,3.0,52.0,103.0,0.0,8.0,Junior,0,Moderate,High,0.0,Low,Mid,Senior,0.0
EMP0878,52.0,18.0,1.0,65.0,148.0,15.0,62.0,Junior,0,High,High,0.7894736842105263,High,Senior,Senior,0.581921545449721
EMP0240,51.0,23.0,3.0,55.0,198.0,10.0,46.0,Mid,1,Very High,High,0.4166666666666667,Moderate,Veteran,Senior,0.3483066942682158
EMP0517,27.0,6.0,1.0,19.0,96.0,18.0,10.0,Mid,1,Moderate,Low,2.571428571428572,Very High,New,Young,1.2729656758128876
EMP0822,39.0,8.0,3.0,82.0,23.0,7.0,51.0,Lead,0,Very Low,Very High,0.7777777777777778,High,New,Early Mid,0.5753641449035618
EMP0401,46.0,11.0,1.0,12.0,177.0,11.0,8.0,Lead,0,Very High,Low,0.9166666666666666,High,Mid,Late Mid,0.6505875661411493
EMP0301,54.0,11.0,1.0,8.0,24.0,16.0,78.0,Lead,1,Very Low,Low,1.3333333333333333,Very High,Mid,Senior,0.8472978603872036
EMP0442,37.0,15.0,3.0,51.0,105.0,8.0,51.0,Lead,0,Moderate,Medium,0.5,Moderate,Mid,Early Mid,0.4054651081081644
EMP0718,57.0,28.0,5.0,39.0,187.0,15.0,51.0,Senior,0,Very High,Medium,0.5172413793103449,Moderate,Veteran,Senior,0.4168938039317871
EMP0414,37.0,28.0,5.0,46.0,59.0,9.0,60.0,Lead,0,Low,Medium,0.3103448275862069,Low,Veteran,Early Mid,0.2702903297399117
EMP0628,33.0,19.0,1.0,98.0,188.0,14.0,67.0,Lead,1,Very High,Very High,0.7,High,Senior,Early Mid,0.5306282510621704
EMP0528,59.0,7.0,3.0,60.0,158.0,5.0,51.0,Lead,1,High,High,0.625,Moderate,New,Senior,0.4855078157817007
EMP0147,50.0,1.0,3.0,11.0,157.0,5.0,17.0,Mid,0,High,Low,2.5,Very High,New,Senior,1.252762968495368
EMP0066,33.0,16.0,1.0,19.0,171.0,17.0,82.0,Junior,1,Very High,Low,1.0,High,Senior,Early Mid,0.6931471805599453
EMP0498,27.0,11.0,5.0,91.0,141.0,2.0,51.0,Senior,0,High,Very High,0.1666666666666666,Low,Mid,Young,0.1541506798272583
EMP0687,53.0,15.0,3.0,52.0,76.0,14.0,8.0,Mid,0,Low,High,0.875,High,Mid,Senior,0.6286086594223741
EMP0135,55.0,10.0,4.0,65.0,93.0,8.0,3.0,Mid,0,Moderate,High,0.7272727272727273,High,Mid,Senior,0.5465437063680699
EMP0976,27.0,5.0,4.0,38.0,14.0,9.0,40.0,Lead,1,Very Low,Medium,1.5,Very High,New,Young,0.9162907318741552
EMP0553,35.0,10.0,2.0,34.0,116.0,8.0,82.0,Senior,1,Moderate,Medium,0.7272727272727273,High,Mid,Early Mid,0.5465437063680699
EMP0068,41.0,10.0,1.0,24.0,31.0,18.0,15.0,Senior,1,Very Low,Low,1.6363636363636365,Very High,Mid,Early Mid,0.9694005571881036
EMP0864,37.0,28.0,3.0,70.0,171.0,6.0,79.0,Junior,0,Very High,High,0.2068965517241379,Low,Veteran,Early Mid,0.1880522315029396
EMP0015,58.0,4.0,4.0,22.0,143.0,14.0,48.0,Junior,0,High,Low,2.8,Very High,New,Senior,1.33500106673234
EMP0166,55.0,7.0,3.0,19.0,146.0,19.0,88.0,Mid,1,High,Low,2.375,Very High,New,Senior,1.2163953243244932
EMP0042,40.0,14.0,2.0,89.0,115.0,7.0,54.0,Lead,0,Moderate,Very High,0.4666666666666667,Moderate,Mid,Early Mid,0.3829922522561058
EMP0520,30.0,4.0,1.0,51.0,38.0,6.0,79.0,Lead,0,Very Low,Medium,1.2,Very High,New,Young,0.7884573603642702
EMP0402,41.0,11.0,4.0,25.0,52.0,0.0,96.0,Senior,0,Low,Low,0.0,Low,Mid,Early Mid,0.0
EMP0197,50.0,20.0,1.0,39.0,1.0,6.0,77.0,Lead,0,Very Low,Medium,0.2857142857142857,Low,Senior,Senior,0.251314428280906
EMP0811,22.0,15.0,1.0,30.0,107.0,6.0,71.0,Junior,1,Moderate,Medium,0.375,Moderate,Mid,Young,0.3184537311185346
EMP0226,57.0,15.0,1.0,63.0,182.0,3.0,23.0,Mid,0,Very High,High,0.1875,Low,Mid,Senior,0.1718502569266592
EMP0841,42.0,22.0,1.0,90.0,79.0,3.0,53.0,Lead,0,Low,Very High,0.1304347826086956,Low,Senior,Late Mid,0.1226023220923323
EMP0055,59.0,19.0,2.0,45.0,36.0,13.0,74.0,Junior,0,Very Low,Medium,0.65,High,Senior,Senior,0.5007752879124893
EMP0356,48.0,13.0,2.0,56.0,165.0,6.0,69.0,Mid,1,Very High,High,0.4285714285714285,Moderate,Mid,Late Mid,0.3566749439387323
EMP0796,37.0,7.0,5.0,6.0,166.0,18.0,90.0,Junior,0,Very High,Low,2.25,Very High,New,Early Mid,1.1786549963416462
EMP0766,38.0,12.0,4.0,21.0,182.0,0.0,59.0,Lead,1,Very High,Low,0.0,Low,Mid,Early Mid,0.0
EMP0771,22.0,29.0,1.0,84.0,50.0,2.0,95.0,Senior,1,Low,Very High,0.0666666666666666,Low,Veteran,Young,0.0645385211375711
EMP0309,43.0,1.0,4.0,14.0,108.0,18.0,18.0,Lead,1,Moderate,Low,9.0,Very High,New,Late Mid,2.302585092994046
EMP0747,22.0,3.0,2.0,26.0,38.0,5.0,99.0,Lead,0,Very Low,Low,1.25,Very High,New,Young,0.8109302162163288
EMP0261,41.0,16.0,2.0,85.0,39.0,18.0,48.0,Junior,0,Very Low,Very High,1.0588235294117647,High,Senior,Early Mid,0.7221347174331976
EMP0773,28.0,2.0,3.0,2.0,107.0,10.0,94.0,Mid,1,Moderate,Low,3.333333333333333,Very High,New,Young,1.4663370687934272
EMP0487,27.0,8.0,1.0,71.0,5.0,18.0,90.0,Senior,1,Very Low,High,2.0,Very High,New,Young,1.0986122886681096
EMP0481,43.0,12.0,2.0,48.0,76.0,15.0,6.0,Junior,0,Low,Medium,1.1538461538461535,High,Mid,Late Mid,0.7672551527136672
EMP0996,54.0,12.0,1.0,51.0,81.0,5.0,95.0,Senior,0,Low,Medium,0.3846153846153846,Moderate,Mid,Senior,0.325422400434628
EMP0867,41.0,6.0,1.0,78.0,31.0,17.0,86.0,Mid,0,Very Low,Very High,2.4285714285714284,Very High,New,Early Mid,1.2321436812926323
EMP0281,35.0,15.0,5.0,67.0,71.0,7.0,51.0,Senior,1,Low,High,0.4375,Moderate,Mid,Early Mid,0.3629054936893685
EMP0211,45.0,3.0,3.0,69.0,147.0,7.0,3.0,Junior,1,High,High,1.75,Very High,New,Late Mid,1.01160091167848
EMP0171,24.0,26.0,5.0,24.0,103.0,9.0,73.0,Mid,0,Moderate,Low,0.3333333333333333,Low,Veteran,Young,0.2876820724517809
EMP0590,23.0,29.0,3.0,51.0,28.0,9.0,51.0,Mid,1,Very Low,Medium,0.3,Low,Veteran,Young,0.262364264467491
EMP0777,25.0,3.0,3.0,58.0,61.0,10.0,20.0,Senior,1,Low,High,2.5,Very High,New,Young,1.252762968495368
EMP0425,58.0,12.0,4.0,31.0,121.0,1.0,61.0,Junior,0,High,Medium,0.0769230769230769,Low,Mid,Senior,0.0741079721537218
EMP0748,24.0,25.0,2.0,74.0,1.0,6.0,43.0,Lead,0,Very Low,Very High,0.2307692307692307,Low,Veteran,Young,0.2076393647782445
EMP0503,47.0,27.0,5.0,95.0,73.0,15.0,83.0,Junior,0,Low,Very High,0.5357142857142857,Moderate,Veteran,Late Mid,0.4289956055183584
EMP0874,26.0,13.0,3.0,6.0,22.0,9.0,70.0,Junior,0,Very Low,Low,0.6428571428571429,High,Mid,Young,0.4964368863138911
EMP0821,23.0,17.0,1.0,75.0,91.0,14.0,8.0,Mid,1,Moderate,Very High,0.7777777777777778,High,Senior,Young,0.5753641449035618
EMP0109,42.0,11.0,4.0,53.0,46.0,4.0,25.0,Junior,0,Low,High,0.3333333333333333,Low,Mid,Late Mid,0.2876820724517809
EMP0600,25.0,28.0,1.0,27.0,48.0,18.0,97.0,Junior,1,Low,Low,0.6206896551724138,Moderate,Veteran,Young,0.4828517717235845
EMP0412,29.0,1.0,2.0,19.0,97.0,17.0,21.0,Mid,0,Moderate,Low,8.5,Very High,New,Young,2.2512917986064958
EMP0002,50.0,8.0,5.0,45.0,66.0,11.0,6.0,Junior,0,Low,Medium,1.2222222222222223,Very High,New,Senior,0.7985076962177716
EMP0934,59.0,15.0,3.0,46.0,64.0,7.0,34.0,Mid,0,Low,Medium,0.4375,Moderate,Mid,Senior,0.3629054936893685
EMP0596,53.0,7.0,2.0,24.0,3.0,19.0,76.0,Lead,0,Very Low,Low,2.375,Very High,New,Senior,1.2163953243244932
EMP0084,57.0,23.0,5.0,63.0,141.0,16.0,52.0,Mid,0,High,High,0.6666666666666666,High,Veteran,Senior,0.5108256237659907
EMP0215,37.0,11.0,3.0,89.0,4.0,5.0,83.0,Senior,0,Very Low,Very High,0.4166666666666667,Moderate,Mid,Early Mid,0.3483066942682158
EMP0036,22.0,24.0,1.0,30.0,31.0,14.0,53.0,Lead,0,Very Low,Medium,0.56,Moderate,Veteran,Young,0.4446858212614457
EMP0825,37.0,2.0,2.0,6.0,90.0,15.0,49.0,Junior,1,Moderate,Low,5.0,Very High,New,Early Mid,1.791759469228055
EMP0541,42.0,14.0,3.0,54.0,81.0,15.0,1.0,Lead,0,Low,High,1.0,High,Mid,Late Mid,0.6931471805599453
EMP0451,24.0,29.0,1.0,93.0,48.0,15.0,91.0,Lead,1,Low,Very High,0.5,Moderate,Veteran,Young,0.4054651081081644
EMP0480,49.0,5.0,3.0,62.0,193.0,2.0,96.0,Mid,1,Very High,High,0.3333333333333333,Low,New,Late Mid,0.2876820724517809
EMP0387,37.0,15.0,5.0,58.0,156.0,17.0,37.0,Junior,0,High,High,1.0625,High,Mid,Early Mid,0.723918839226699
EMP0095,23.0,29.0,1.0,60.0,120.0,3.0,82.0,Lead,0,High,High,0.1,Low,Veteran,Young,0.0953101798043248
EMP0358,39.0,2.0,3.0,98.0,191.0,7.0,5.0,Lead,0,Very High,Very High,2.333333333333333,Very High,New,Early Mid,1.203972804325936
EMP0599,41.0,16.0,2.0,59.0,158.0,19.0,15.0,Junior,1,High,High,1.1176470588235294,High,Senior,Early Mid,0.750305594399894
EMP0364,30.0,25.0,3.0,45.0,20.0,11.0,43.0,Lead,0,Very Low,Medium,0.4230769230769231,Moderate,Veteran,Young,0.3528213746227424
EMP0826,41.0,21.0,3.0,8.0,20.0,17.0,72.0,Senior,0,Very Low,Low,0.7727272727272727,High,Senior,Early Mid,0.5725191927713306
EMP0251,28.0,16.0,2.0,58.0,131.0,9.0,0.0,Lead,0,High,High,0.5294117647058824,Moderate,Senior,Young,0.4248831939652659
EMP0014,36.0,24.0,4.0,47.0,61.0,14.0,53.0,Lead,1,Low,Medium,0.56,Moderate,Veteran,Early Mid,0.4446858212614457
EMP0330,52.0,15.0,1.0,53.0,150.0,4.0,46.0,Lead,1,High,High,0.25,Low,Mid,Senior,0.2231435513142097
EMP0636,43.0,11.0,1.0,72.0,90.0,0.0,82.0,Lead,0,Moderate,High,0.0,Low,Mid,Late Mid,0.0
EMP0410,58.0,20.0,3.0,62.0,118.0,9.0,70.0,Senior,0,High,High,0.4285714285714285,Moderate,Senior,Senior,0.3566749439387323
EMP0285,55.0,29.0,3.0,55.0,181.0,16.0,97.0,Senior,0,Very High,High,0.5333333333333333,Moderate,Veteran,Senior,0.4274440148269396
EMP0176,45.0,11.0,3.0,54.0,113.0,6.0,72.0,Senior,0,Moderate,High,0.5,Moderate,Mid,Late Mid,0.4054651081081644
EMP0895,26.0,24.0,4.0,47.0,170.0,12.0,54.0,Senior,0,Very High,Medium,0.48,Moderate,Veteran,Young,0.3920420877760237
EMP0992,22.0,26.0,3.0,51.0,154.0,0.0,74.0,Senior,0,High,Medium,0.0,Low,Veteran,Young,0.0
EMP0686,24.0,28.0,2.0,38.0,137.0,4.0,95.0,Senior,1,High,Medium,0.1379310344827586,Low,Veteran,Young,0.1292117314800062
EMP0870,50.0,17.0,3.0,50.0,197.0,0.0,45.0,Mid,0,Very High,Medium,0.0,Low,Senior,Senior,0.0
EMP0512,44.0,2.0,1.0,60.0,93.0,4.0,18.0,Mid,0,Moderate,High,1.3333333333333333,Very High,New,Late Mid,0.8472978603872036
EMP0980,39.0,4.0,1.0,92.0,72.0,7.0,40.0,Mid,0,Low,Very High,1.4,Very High,New,Early Mid,0.8754687373538999
EMP0535,26.0,18.0,1.0,24.0,167.0,9.0,5.0,Mid,0,Very High,Low,0.4736842105263157,Moderate,Senior,Young,0.3877655310087634
EMP0885,39.0,23.0,1.0,50.0,156.0,0.0,76.0,Mid,0,High,Medium,0.0,Low,Veteran,Early Mid,0.0
EMP0253,39.0,7.0,3.0,93.0,4.0,19.0,76.0,Mid,0,Very Low,Very High,2.375,Very High,New,Early Mid,1.2163953243244932
EMP0601,57.0,27.0,4.0,87.0,194.0,10.0,26.0,Junior,0,Very High,Very High,0.3571428571428571,Low,Veteran,Senior,0.3053816495511818
EMP0932,23.0,14.0,4.0,78.0,58.0,11.0,51.0,Senior,1,Low,Very High,0.7333333333333333,High,Mid,Young,0.550046336919272
EMP0597,53.0,22.0,2.0,65.0,2.0,6.0,93.0,Junior,0,Very Low,High,0.2608695652173913,Low,Senior,Senior,0.2318016140573243
EMP0731,27.0,21.0,3.0,59.0,157.0,15.0,28.0,Junior,1,High,High,0.6818181818181818,High,Senior,Young,0.5198754592859085
EMP0199,31.0,0.0,4.0,52.0,52.0,10.0,41.0,Junior,0,Low,High,10.0,Very High,New,Young,2.3978952727983707
EMP0832,41.0,5.0,5.0,74.0,188.0,19.0,41.0,Junior,0,Very High,Very High,3.1666666666666665,Very High,New,Early Mid,1.4271163556401456
EMP0745,23.0,24.0,1.0,51.0,13.0,9.0,62.0,Mid,0,Very Low,Medium,0.36,Moderate,Veteran,Young,0.3074846997479606
EMP0502,57.0,26.0,1.0,76.0,57.0,19.0,83.0,Senior,0,Low,Very High,0.7037037037037037,High,Veteran,Senior,0.532804530484766
EMP0726,58.0,23.0,3.0,61.0,107.0,4.0,10.0,Junior,0,Moderate,High,0.1666666666666666,Low,Veteran,Senior,0.1541506798272583
EMP0543,29.0,8.0,4.0,25.0,40.0,7.0,38.0,Junior,0,Very Low,Low,0.7777777777777778,High,New,Young,0.5753641449035618
EMP0061,23.0,29.0,5.0,14.0,153.0,1.0,60.0,Mid,0,High,Low,0.0333333333333333,Low,Veteran,Young,0.0327898228229908
EMP0501,39.0,3.0,3.0,62.0,98.0,16.0,51.0,Senior,0,Moderate,High,4.0,Very High,New,Early Mid,1.6094379124341005
EMP0595,37.0,0.0,1.0,59.0,199.0,10.0,77.0,Junior,1,Very High,High,10.0,Very High,New,Early Mid,2.3978952727983707
EMP0911,41.0,18.0,4.0,10.0,147.0,8.0,15.0,Mid,1,High,Low,0.4210526315789473,Moderate,Senior,Early Mid,0.3513978868378886
EMP0795,45.0,22.0,3.0,77.0,112.0,12.0,19.0,Mid,0,Moderate,Very High,0.5217391304347826,Moderate,Senior,Late Mid,0.4198538455602639
EMP0262,38.0,24.0,5.0,98.0,28.0,15.0,11.0,Senior,0,Very Low,Very High,0.6,Moderate,Veteran,Early Mid,0.4700036292457356
EMP0023,42.0,15.0,2.0,1.0,197.0,10.0,80.0,Mid,1,Very High,Low,0.625,Moderate,Mid,Late Mid,0.4855078157817007
EMP0328,42.0,19.0,2.0,38.0,197.0,18.0,42.0,Senior,0,Very High,Medium,0.9,High,Senior,Late Mid,0.6418538861723948
EMP0485,57.0,4.0,1.0,54.0,132.0,2.0,26.0,Mid,0,High,High,0.4,Moderate,New,Senior,0.3364722366212129
EMP0170,50.0,27.0,4.0,51.0,62.0,12.0,89.0,Senior,0,Low,Medium,0.4285714285714285,Moderate,Veteran,Senior,0.3566749439387323
EMP0288,35.0,25.0,3.0,0.0,130.0,11.0,75.0,Mid,0,High,Low,0.4230769230769231,Moderate,Veteran,Early Mid,0.3528213746227424
EMP0201,45.0,15.0,2.0,2.0,12.0,7.0,66.0,Senior,0,Very Low,Low,0.4375,Moderate,Mid,Late Mid,0.3629054936893685
EMP0408,32.0,2.0,3.0,72.0,79.0,13.0,65.0,Lead,0,Low,High,4.333333333333333,Very High,New,Young,1.6739764335716716
EMP0857,41.0,25.0,1.0,41.0,110.0,12.0,51.0,Senior,0,Moderate,Medium,0.4615384615384615,Moderate,Veteran,Early Mid,0.3794896217049037
EMP0437,44.0,20.0,5.0,35.0,27.0,8.0,37.0,Mid,1,Very Low,Medium,0.3809523809523809,Moderate,Senior,Late Mid,0.322773392263051
EMP0519,41.0,15.0,5.0,89.0,62.0,15.0,27.0,Senior,0,Low,Very High,0.9375,High,Mid,Early Mid,0.661398482245365
EMP0362,44.0,19.0,4.0,18.0,164.0,11.0,24.0,Mid,0,Very High,Low,0.55,Moderate,Senior,Late Mid,0.4382549309311553
EMP0818,52.0,14.0,4.0,64.0,162.0,2.0,27.0,Junior,0,Very High,High,0.1333333333333333,Low,Mid,Senior,0.125163142954006
EMP0323,23.0,28.0,4.0,58.0,13.0,1.0,63.0,Junior,0,Very Low,High,0.0344827586206896,Low,Veteran,Young,0.0339015516756813
EMP0703,26.0,13.0,2.0,65.0,65.0,2.0,76.0,Junior,1,Low,High,0.1428571428571428,Low,Mid,Young,0.1335313926245226
EMP0137,24.0,26.0,5.0,25.0,0.0,3.0,89.0,Junior,0,Very Low,Low,0.1111111111111111,Low,Veteran,Young,0.1053605156578263
EMP0706,35.0,22.0,2.0,25.0,103.0,8.0,56.0,Junior,1,Moderate,Low,0.3478260869565217,Low,Senior,Early Mid,0.2984929885559965
EMP0928,43.0,28.0,1.0,80.0,150.0,13.0,19.0,Junior,0,High,Very High,0.4482758620689655,Moderate,Veteran,Late Mid,0.3703737882968942
EMP0103,25.0,20.0,1.0,84.0,110.0,9.0,47.0,Mid,0,Moderate,Very High,0.4285714285714285,Moderate,Senior,Young,0.3566749439387323
EMP0393,30.0,28.0,1.0,93.0,18.0,16.0,8.0,Lead,1,Very Low,Very High,0.5517241379310345,Moderate,Veteran,Young,0.4393666597838457
EMP0091,47.0,3.0,4.0,20.0,84.0,0.0,65.0,Junior,0,Low,Low,0.0,Low,New,Late Mid,0.0
EMP0484,53.0,18.0,1.0,85.0,36.0,5.0,58.0,Lead,0,Very Low,Very High,0.2631578947368421,Low,Senior,Senior,0.2336148511815051
EMP0349,54.0,13.0,3.0,51.0,68.0,4.0,92.0,Mid,0,Low,Medium,0.2857142857142857,Low,Mid,Senior,0.251314428280906
EMP0224,40.0,20.0,4.0,13.0,150.0,8.0,44.0,Lead,1,High,Low,0.3809523809523809,Moderate,Senior,Early Mid,0.322773392263051
EMP0492,41.0,11.0,4.0,73.0,103.0,12.0,62.0,Mid,0,Moderate,High,1.0,High,Mid,Early Mid,0.6931471805599453
EMP0128,41.0,1.0,3.0,79.0,103.0,4.0,46.0,Lead,0,Moderate,Very High,2.0,Very High,New,Early Mid,1.0986122886681096
EMP0650,40.0,3.0,3.0,70.0,178.0,10.0,79.0,Lead,0,Very High,High,2.5,Very High,New,Early Mid,1.252762968495368
EMP0021,42.0,2.0,4.0,27.0,18.0,18.0,50.0,Junior,1,Very Low,Low,6.0,Very High,New,Late Mid,1.9459101490553128
EMP0746,55.0,10.0,4.0,51.0,9.0,10.0,21.0,Mid,0,Very Low,Medium,0.9090909090909092,High,Mid,Senior,0.6466271649250525
EMP0075,31.0,6.0,3.0,47.0,92.0,9.0,69.0,Senior,0,Moderate,Medium,1.2857142857142858,Very High,New,Young,0.8266785731844679
EMP0111,54.0,21.0,5.0,72.0,132.0,6.0,55.0,Junior,0,High,High,0.2727272727272727,Low,Senior,Senior,0.241162056816888
EMP0282,36.0,11.0,1.0,12.0,185.0,14.0,13.0,Mid,0,Very High,Low,1.1666666666666667,Very High,Mid,Early Mid,0.7731898882334818
EMP0915,59.0,13.0,3.0,32.0,198.0,12.0,59.0,Lead,1,Very High,Medium,0.8571428571428571,High,Mid,Senior,0.6190392084062234
EMP0461,30.0,7.0,3.0,11.0,25.0,17.0,94.0,Junior,0,Very Low,Low,2.125,Very High,New,Young,1.1394342831883648
EMP0106,41.0,11.0,4.0,66.0,93.0,16.0,18.0,Senior,0,Moderate,High,1.3333333333333333,Very High,Mid,Early Mid,0.8472978603872036
